node_id,source_count,max_interaction_score,evidence_count,has_biogrid_direct,has_string_direct,is_target,degree,label_string_supported
TP53,0,0.0,0,0,0,1,2757,-1
ATM,2,999.0,2,1,1,0,254,1
BCL2,2,999.0,2,1,1,0,183,1
BCL2L1,2,999.0,2,1,1,0,148,1
BRCA1,2,999.0,2,1,1,0,695,1
CDKN1A,2,999.0,2,1,1,0,236,1
CDKN2A,2,999.0,2,1,1,0,253,1
CHEK2,2,999.0,2,1,1,0,174,1
CREBBP,2,999.0,2,1,1,0,333,1
DAXX,2,999.0,2,1,1,0,188,1
EP300,2,999.0,2,1,1,0,727,1
HDAC1,2,999.0,2,1,1,0,547,1
HIF1A,2,999.0,2,1,1,0,283,1
HIPK2,2,999.0,2,1,1,0,61,1
HSP90AA1,2,999.0,2,1,1,0,589,1
MDM2,2,999.0,2,1,1,0,417,1
MDM4,2,999.0,2,1,1,0,81,1
PPP1R13L,2,999.0,2,1,1,0,44,1
PTEN,2,999.0,2,1,1,0,454,1
RAD51,2,999.0,2,1,1,0,211,1
RPA1,2,999.0,2,1,1,0,1161,1
SFN,2,999.0,2,1,1,0,257,1
SIRT1,2,999.0,2,1,1,0,252,1
TP53BP1,2,999.0,2,1,1,0,313,1
TP53BP2,2,999.0,2,1,1,0,99,1
UBE3A,2,999.0,2,1,1,0,189,1
USP7,2,999.0,2,1,1,0,413,1
AURKA,2,998.0,2,1,1,0,348,1
CCNG1,2,998.0,2,1,1,0,27,1
CREB1,2,998.0,2,1,1,0,162,1
FOXO3,2,998.0,2,1,1,0,123,1
HSPA9,2,998.0,2,1,1,0,344,1
HTT,2,998.0,2,1,1,0,186,1
MAPK1,2,998.0,2,1,1,0,258,1
NDN,2,998.0,2,1,1,0,219,1
RCHY1,2,998.0,2,1,1,0,188,1
BAK1,2,997.0,2,1,1,0,30,1
CCNA2,2,997.0,2,1,1,0,172,1
CHEK1,2,997.0,2,1,1,0,191,1
DDX5,2,997.0,2,1,1,0,322,1
DNMT1,2,997.0,2,1,1,0,182,1
HMGB1,2,997.0,2,1,1,0,253,1
HSPA4,2,997.0,2,1,1,0,371,1
JUN,2,997.0,2,1,1,0,304,1
MAPK8,2,997.0,2,1,1,0,166,1
MYC,2,997.0,2,1,1,0,1255,1
NPM1,2,997.0,2,1,1,0,630,1
PRKDC,2,997.0,2,1,1,0,363,1
TBP,2,997.0,2,1,1,0,174,1
ATR,2,996.0,2,1,1,0,140,1
DROSHA,2,996.0,2,1,1,0,109,1
KAT5,2,996.0,2,1,1,0,187,1
S100A4,2,996.0,2,1,1,0,56,1
SUMO1,2,996.0,2,1,1,0,177,1
BRCA2,2,995.0,2,1,1,0,220,1
FOXO4,2,995.0,2,1,1,0,54,1
HSP90AB1,2,995.0,2,1,1,0,496,1
S100B,2,995.0,2,1,1,0,63,1
AKT1,2,994.0,2,1,1,0,378,1
BAX,2,994.0,2,1,1,0,82,1
MAPK14,2,994.0,2,1,1,0,169,1
MAPK3,2,994.0,2,1,1,0,217,1
SP1,2,994.0,2,1,1,0,213,1
STAT3,2,994.0,2,1,1,0,277,1
UBE2I,2,994.0,2,1,1,0,319,1
SMAD2,2,993.0,2,1,1,0,193,1
SMARCA4,2,993.0,2,1,1,0,306,1
ESR1,2,992.0,2,1,1,0,932,1
GSK3B,2,992.0,2,1,1,0,404,1
RRM2B,2,992.0,2,1,1,0,38,1
SNAI1,2,992.0,2,1,1,0,334,1
CASP8,2,991.0,2,1,1,0,123,1
GADD45A,2,991.0,2,1,1,0,60,1
YWHAZ,2,991.0,2,1,1,0,409,1
BRD4,2,990.0,2,1,1,0,770,1
BRD7,2,990.0,2,1,1,0,339,1
HDAC2,2,990.0,2,1,1,0,467,1
NFKB1,2,989.0,2,1,1,0,218,1
SMYD2,2,989.0,2,1,1,0,27,1
IFI16,2,988.0,2,1,1,0,350,1
CDK2,2,987.0,2,1,1,0,470,1
HSPA8,2,987.0,2,1,1,0,843,1
E2F1,2,986.0,2,1,1,0,162,1
PPP1R13B,2,986.0,2,1,1,0,56,1
KAT2B,2,985.0,2,1,1,0,193,1
TP73,2,985.0,2,1,1,0,127,1
RB1CC1,2,984.0,2,1,1,0,174,1
TADA3,2,983.0,2,1,1,0,78,1
TAF9,2,983.0,2,1,1,0,133,1
WT1,2,983.0,2,1,1,0,38,1
ATF3,2,982.0,2,1,1,0,62,1
BARD1,2,982.0,2,1,1,0,209,1
ING4,2,982.0,2,1,1,0,54,1
L3MBTL1,2,982.0,2,1,1,0,67,1
MAPK9,2,982.0,2,1,1,0,101,1
RBBP6,2,982.0,2,1,1,0,101,1
TP53RK,2,982.0,2,1,1,0,34,1
ATRX,2,981.0,2,1,1,0,179,1
PLK1,2,981.0,2,1,1,0,389,1
ANXA2,2,977.0,2,1,1,0,217,1
COPS5,2,977.0,2,1,1,0,513,1
GNL3,2,976.0,2,1,1,0,220,1
SMARCB1,2,976.0,2,1,1,0,208,1
APAF1,2,974.0,2,1,1,0,50,1
CCNA1,2,974.0,2,1,1,0,82,1
MSH2,2,974.0,2,1,1,0,205,1
PTGS2,2,974.0,2,1,1,0,68,1
TRRAP,2,973.0,2,1,1,0,297,1
ETS1,2,972.0,2,1,1,0,88,1
PARP1,2,972.0,2,1,1,0,634,1
CUL9,2,971.0,2,1,1,0,53,1
HSPA1B,2,971.0,2,1,1,0,160,1
RPL11,2,971.0,2,1,1,0,361,1
RPS27A,2,971.0,2,1,1,0,416,1
DDX17,2,970.0,2,1,1,0,230,1
ETS2,2,970.0,2,1,1,0,33,1
PHF20,2,970.0,2,1,1,0,51,1
STK11,2,970.0,2,1,1,0,156,1
CUL7,2,969.0,2,1,1,0,470,1
E4F1,2,969.0,2,1,1,0,51,1
EGR1,2,969.0,2,1,1,0,54,1
ING5,2,969.0,2,1,1,0,49,1
STUB1,2,968.0,2,1,1,0,262,1
CDK5,2,967.0,2,1,1,0,113,1
HIPK1,2,967.0,2,1,1,0,13,1
PML,2,967.0,2,1,1,0,480,1
SLC2A1,2,967.0,2,1,1,0,89,1
TWIST1,2,967.0,2,1,1,0,62,1
CDK4,2,966.0,2,1,1,0,205,1
MUC1,2,966.0,2,1,1,0,63,1
SUMO2,2,965.0,2,1,1,0,342,1
SMAD3,2,963.0,2,1,1,0,233,1
TAF1,2,963.0,2,1,1,0,151,1
WRN,2,963.0,2,1,1,0,107,1
CDK1,2,962.0,2,1,1,0,370,1
ARID1A,2,961.0,2,1,1,0,164,1
SCO2,2,961.0,2,1,1,0,56,1
FBXW7,2,960.0,2,1,1,0,522,1
POLI,2,960.0,2,1,1,0,32,1
BBC3,2,959.0,2,1,1,0,27,1
CSNK2A1,2,959.0,2,1,1,0,431,1
XPO1,2,959.0,2,1,1,0,526,1
HIPK3,2,958.0,2,1,1,0,22,1
BCL6,2,957.0,2,1,1,0,103,1
CDKN2C,2,957.0,2,1,1,0,43,1
BMI1,2,956.0,2,1,1,0,346,1
CASP3,2,956.0,2,1,1,0,177,1
HSPB1,2,955.0,2,1,1,0,313,1
RELA,2,955.0,2,1,1,0,280,1
XRCC6,2,955.0,2,1,1,0,506,1
PIAS4,2,954.0,2,1,1,0,109,1
TRAF6,2,954.0,2,1,1,0,222,1
TP63,2,953.0,2,1,1,0,136,1
FOS,2,952.0,2,1,1,0,192,1
TOPORS,2,952.0,2,1,1,0,56,1
DNAJB1,2,951.0,2,1,1,0,133,1
GTF2H1,2,950.0,2,1,1,0,92,1
PPARG,2,949.0,2,1,1,0,211,1
TOPBP1,2,949.0,2,1,1,0,87,1
SETD7,2,947.0,2,1,1,0,73,1
TOP1,2,947.0,2,1,1,0,337,1
CCND1,2,946.0,2,1,1,0,252,1
NQO1,2,946.0,2,1,1,0,47,1
PIN1,2,946.0,2,1,1,0,148,1
PPP2R1A,2,946.0,2,1,1,0,284,1
TCHP,2,946.0,2,1,1,0,65,1
RPL5,2,945.0,2,1,1,0,355,1
APEX1,2,944.0,2,1,1,0,418,1
BANP,2,944.0,2,1,1,0,68,1
EGFR,2,943.0,2,1,1,0,989,1
HNRNPK,2,943.0,2,1,1,0,305,1
YY1,2,942.0,2,1,1,0,252,1
KDM1A,2,941.0,2,1,1,0,360,1
SIN3A,2,941.0,2,1,1,0,202,1
NUMB,2,940.0,2,1,1,0,89,1
BECN1,2,939.0,2,1,1,0,139,1
CSNK2A2,2,939.0,2,1,1,0,318,1
CAPN1,2,938.0,2,1,1,0,94,1
PRMT1,2,937.0,2,1,1,0,466,1
NR3C1,2,936.0,2,1,1,0,350,1
PMS2,2,936.0,2,1,1,0,63,1
RB1,2,936.0,2,1,1,0,224,1
RUNX3,2,936.0,2,1,1,0,50,1
ERBB2,2,935.0,2,1,1,0,242,1
TP53INP1,2,935.0,2,1,1,0,11,1
AIFM2,2,934.0,2,1,1,0,15,1
PPID,2,934.0,2,1,1,0,55,1
IKBKB,2,933.0,2,1,1,0,141,1
BLM,2,932.0,2,1,1,0,144,1
USP10,2,931.0,2,1,1,0,161,1
CARM1,2,930.0,2,1,1,0,169,1
CEBPA,2,930.0,2,1,1,0,562,1
NOC2L,2,930.0,2,1,1,0,181,1
ARID3A,2,929.0,2,1,1,0,45,1
DGCR8,2,929.0,2,1,1,0,114,1
MTA1,2,929.0,2,1,1,0,138,1
RNF20,2,929.0,2,1,1,0,124,1
PTK2,2,928.0,2,1,1,0,142,1
CTNNB1,2,927.0,2,1,1,0,553,1
CSNK1A1,2,926.0,2,1,1,0,200,1
GLS2,2,926.0,2,1,1,0,12,1
HRAS,2,925.0,2,1,1,0,208,1
PLK3,2,924.0,2,1,1,0,18,1
PRMT5,2,924.0,2,1,1,0,257,1
YBX1,2,922.0,2,1,1,0,324,1
UBC,2,921.0,2,1,1,0,670,1
EHMT1,2,920.0,2,1,1,0,97,1
EHMT2,2,919.0,2,1,1,0,149,1
MCL1,2,918.0,2,1,1,0,102,1
POLK,2,918.0,2,1,1,0,35,1
NFKBIA,2,915.0,2,1,1,0,157,1
SNAI2,2,915.0,2,1,1,0,52,1
CHUK,2,914.0,2,1,1,0,129,1
ING1,2,914.0,2,1,1,0,75,1
MED17,2,914.0,2,1,1,0,122,1
WWOX,2,914.0,2,1,1,0,249,1
PCNA,2,913.0,2,1,1,0,273,1
TFAP2A,2,913.0,2,1,1,0,65,1
NCL,2,911.0,2,1,1,0,416,1
ABL1,2,909.0,2,1,1,0,140,1
KAT2A,2,909.0,2,1,1,0,130,1
AURKB,2,908.0,2,1,1,0,410,1
ERCC3,2,908.0,2,1,1,0,143,1
MED1,2,906.0,2,1,1,0,244,1
AR,2,905.0,2,1,1,0,501,1
AXIN1,2,905.0,2,1,1,0,89,1
SIRT7,2,904.0,2,1,1,0,391,1
TRIM28,2,904.0,2,1,1,0,597,1
PSMC5,2,903.0,2,1,1,0,235,1
EP400,2,902.0,2,1,1,0,120,1
TERT,2,902.0,2,1,1,0,94,1
SQSTM1,2,901.0,2,1,1,0,482,1
YWHAE,2,900.0,2,1,1,0,377,1
TXN,2,899.0,2,1,1,0,178,1
PIAS1,2,897.0,2,1,1,0,201,1
E2F7,2,895.0,2,1,1,0,24,1
CDC25C,2,894.0,2,1,1,0,94,1
CDK9,2,889.0,2,1,1,0,391,1
SMARCD1,2,889.0,2,1,1,0,135,1
CDK7,2,888.0,2,1,1,0,290,1
DDX20,2,888.0,2,1,1,0,102,1
CCT4,2,887.0,2,1,1,0,254,1
PPARGC1A,2,887.0,2,1,1,0,96,1
GAPDH,2,886.0,2,1,1,0,414,1
SRC,2,884.0,2,1,1,0,286,1
PPM1D,2,883.0,2,1,1,0,34,1
CUL4A,2,882.0,2,1,1,0,358,1
PSME3,2,882.0,2,1,1,0,168,1
PSMD4,2,880.0,2,1,1,0,184,1
ACTB,2,879.0,2,1,1,0,469,1
G3BP1,2,879.0,2,1,1,0,390,1
PER2,2,879.0,2,1,1,0,78,1
PPP2R5C,2,878.0,2,1,1,0,52,1
SRSF1,2,878.0,2,1,1,0,300,1
FAS,2,877.0,2,1,1,0,133,1
GTF2B,2,876.0,2,1,1,0,96,1
RPL26,2,876.0,2,1,1,0,252,1
MTOR,2,874.0,2,1,1,0,201,1
PBK,2,873.0,2,1,1,0,106,1
TOP1MT,2,873.0,2,1,1,0,25,1
AGO2,2,872.0,2,1,1,0,201,1
E2F4,2,872.0,2,1,1,0,224,1
OTUB1,2,872.0,2,1,1,0,187,1
DYRK2,2,870.0,2,1,1,0,88,1
HNF4A,2,868.0,2,1,1,0,175,1
HMGA2,2,867.0,2,1,1,0,81,1
DAPK1,2,866.0,2,1,1,0,71,1
MAP3K1,2,866.0,2,1,1,0,87,1
PSMD10,2,866.0,2,1,1,0,96,1
NFYA,2,865.0,2,1,1,0,57,1
TRIM24,2,865.0,2,1,1,0,167,1
CABLES1,2,864.0,2,1,1,0,23,1
USP11,2,864.0,2,1,1,0,284,1
TRIAP1,2,863.0,2,1,1,0,11,1
KAT6A,2,861.0,2,1,1,0,249,1
PADI4,2,861.0,2,1,1,0,19,1
CDKN2B,2,860.0,2,1,1,0,51,1
PHB,2,860.0,2,1,1,0,509,1
TPT1,2,859.0,2,1,1,0,186,1
VRK1,2,859.0,2,1,1,0,168,1
MTA2,2,857.0,2,1,1,0,228,1
RPS3,2,857.0,2,1,1,0,408,1
ZNF148,2,857.0,2,1,1,0,59,1
PLAGL1,2,856.0,2,1,1,0,17,1
TXNIP,2,855.0,2,1,1,0,126,1
TAF6,2,854.0,2,1,1,0,185,1
IGF1R,2,853.0,2,1,1,0,189,1
MDC1,2,853.0,2,1,1,0,222,1
NCOR1,2,853.0,2,1,1,0,212,1
TCP1,2,851.0,2,1,1,0,253,1
IDH1,2,845.0,2,1,1,0,79,1
RBPJ,2,845.0,2,1,1,0,133,1
SETD2,2,845.0,2,1,1,0,118,1
PIAS2,2,844.0,2,1,1,0,79,1
CSNK2B,2,843.0,2,1,1,0,283,1
TOP2A,2,843.0,2,1,1,0,331,1
S100A6,2,842.0,2,1,1,0,65,1
UBR5,2,840.0,2,1,1,0,248,1
ELAVL1,2,839.0,2,1,1,0,594,1
SOCS1,2,839.0,2,1,1,0,91,1
SSBP1,2,839.0,2,1,1,0,204,1
ING2,2,837.0,2,1,1,0,53,1
KAT8,2,835.0,2,1,1,0,79,1
USP42,2,835.0,2,1,1,0,32,1
RNF2,2,834.0,2,1,1,0,406,1
CCNH,2,833.0,2,1,1,0,104,1
PPP2CA,2,833.0,2,1,1,0,180,1
CCT5,2,831.0,2,1,1,0,253,1
REL,2,831.0,2,1,1,0,111,1
EEF2,2,828.0,2,1,1,0,342,1
YWHAB,2,828.0,2,1,1,0,311,1
CCT2,2,826.0,2,1,1,0,299,1
CSNK1D,2,826.0,2,1,1,0,127,1
HSPA1L,2,826.0,2,1,1,0,131,1
MSH6,2,826.0,2,1,1,0,177,1
NCOA1,2,826.0,2,1,1,0,76,1
SETD1A,2,826.0,2,1,1,0,116,1
HUWE1,2,825.0,2,1,1,0,516,1
PKM,2,825.0,2,1,1,0,265,1
BCL2L14,2,824.0,2,1,1,0,43,1
HSPA5,2,824.0,2,1,1,0,604,1
UBE2A,2,824.0,2,1,1,0,110,1
ZEB1,2,824.0,2,1,1,0,141,1
CCT7,2,823.0,2,1,1,0,273,1
TFDP1,2,823.0,2,1,1,0,74,1
ELL,2,822.0,2,1,1,0,50,1
BRD1,2,821.0,2,1,1,0,113,1
MUL1,2,820.0,2,1,1,0,29,1
RING1,2,819.0,2,1,1,0,124,1
NR4A1,2,817.0,2,1,1,0,120,1
CFLAR,2,816.0,2,1,1,0,47,1
HERC2,2,816.0,2,1,1,0,187,1
KIT,2,816.0,2,1,1,0,68,1
PARK7,2,814.0,2,1,1,0,164,1
RANBP2,2,812.0,2,1,1,0,196,1
SKP1,2,812.0,2,1,1,0,234,1
UBE2N,2,811.0,2,1,1,0,177,1
EWSR1,2,810.0,2,1,1,0,351,1
GNAS,2,810.0,2,1,1,0,106,1
KMT2D,2,810.0,2,1,1,0,92,1
CCDC8,2,808.0,2,1,1,0,298,1
CDK6,2,808.0,2,1,1,0,129,1
NEDD8,2,808.0,2,1,1,0,234,1
RUNX2,2,808.0,2,1,1,0,82,1
USP28,2,806.0,2,1,1,0,61,1
CXCL8,2,804.0,2,1,1,0,60,1
ERCC2,2,804.0,2,1,1,0,108,1
FBXW8,2,804.0,2,1,1,0,59,1
MET,2,804.0,2,1,1,0,109,1
RRM2,2,803.0,2,1,1,0,117,1
STAT6,2,803.0,2,1,1,0,70,1
GPX2,2,802.0,2,1,1,0,28,1
PHF1,2,802.0,2,1,1,0,71,1
UBB,2,799.0,2,1,1,0,249,1
ZNF420,2,799.0,2,1,1,0,13,1
CRYAB,2,798.0,2,1,1,0,57,1
KDM4A,2,798.0,2,1,1,0,68,1
MYBBP1A,2,798.0,2,1,1,0,233,1
PRIMA1,2,798.0,2,1,1,0,2,1
PSMD2,2,795.0,2,1,1,0,212,1
UCHL1,2,795.0,2,1,1,0,120,1
E2F2,2,791.0,2,1,1,0,36,1
ITCH,2,791.0,2,1,1,0,158,1
SUZ12,2,791.0,2,1,1,0,340,1
FOXM1,2,790.0,2,1,1,0,102,1
S100A1,2,790.0,2,1,1,0,14,1
WDR77,2,787.0,2,1,1,0,201,1
TDG,2,786.0,2,1,1,0,48,1
UBD,2,786.0,2,1,1,0,29,1
DHFR,2,785.0,2,1,1,0,47,1
VHL,2,784.0,2,1,1,0,269,1
NCOA6,2,782.0,2,1,1,0,105,1
STAT1,2,781.0,2,1,1,0,209,1
NFE2L2,2,780.0,2,1,1,0,111,1
TRIM25,2,780.0,2,1,1,0,755,1
NR0B2,2,777.0,2,1,1,0,41,1
CCT3,2,776.0,2,1,1,0,254,1
RBX1,2,776.0,2,1,1,0,318,1
XAF1,2,776.0,2,1,1,0,27,1
EIF2AK2,2,775.0,2,1,1,0,165,1
PTTG1,2,775.0,2,1,1,0,93,1
JAK1,2,774.0,2,1,1,0,104,1
PRKAB2,2,774.0,2,1,1,0,60,1
RPA2,2,774.0,2,1,1,0,1110,1
TYMS,2,774.0,2,1,1,0,77,1
MOV10,2,773.0,2,1,1,0,427,1
NF2,2,773.0,2,1,1,0,190,1
PELP1,2,771.0,2,1,1,0,130,1
CD8A,2,770.0,2,1,1,0,58,1
FUBP1,2,769.0,2,1,1,0,157,1
DMTF1,2,768.0,2,1,1,0,4,1
HDAC5,2,768.0,2,1,1,0,228,1
SIRT2,2,768.0,2,1,1,0,93,1
WDR5,2,768.0,2,1,1,0,599,1
AIMP2,2,767.0,2,1,1,0,213,1
PRKCD,2,767.0,2,1,1,0,86,1
SSRP1,2,766.0,2,1,1,0,352,1
PATZ1,2,764.0,2,1,1,0,52,1
PRKAA1,2,764.0,2,1,1,0,105,1
KRT8,2,763.0,2,1,1,0,170,1
NBN,2,763.0,2,1,1,0,133,1
UHRF2,2,763.0,2,1,1,0,77,1
ANXA1,2,762.0,2,1,1,0,131,1
GDF15,2,762.0,2,1,1,0,18,1
KLF5,2,762.0,2,1,1,0,116,1
PDGFRA,2,762.0,2,1,1,0,126,1
CCT6A,2,761.0,2,1,1,0,255,1
CDC42,2,760.0,2,1,1,0,410,1
CTBP1,2,759.0,2,1,1,0,191,1
DNAJA1,2,759.0,2,1,1,0,262,1
BTRC,2,758.0,2,1,1,0,373,1
CCT8,2,757.0,2,1,1,0,269,1
KMT2A,2,757.0,2,1,1,0,216,1
SUPT16H,2,756.0,2,1,1,0,267,1
NUPR1,2,755.0,2,1,1,0,304,1
RPLP0,2,755.0,2,1,1,0,363,1
TET2,2,755.0,2,1,1,0,103,1
BAG1,2,754.0,2,1,1,0,249,1
HSPA1A,2,754.0,2,1,1,0,646,1
ANK3,2,753.0,2,1,1,0,90,1
UBE2K,2,753.0,2,1,1,0,80,1
WEE1,2,753.0,2,1,1,0,95,1
BAG2,2,752.0,2,1,1,0,267,1
ERCC6,2,752.0,2,1,1,0,161,1
CCDC106,2,751.0,2,1,1,0,18,1
DDX3X,2,750.0,2,1,1,0,322,1
MAGED2,2,750.0,2,1,1,0,115,1
XRCC1,2,750.0,2,1,1,0,114,1
CHD4,2,749.0,2,1,1,0,512,1
RBBP5,2,748.0,2,1,1,0,194,1
BUB1B,2,745.0,2,1,1,0,135,1
SP100,2,744.0,2,1,1,0,109,1
MYBL2,2,742.0,2,1,1,0,92,1
RFFL,2,742.0,2,1,1,0,29,1
CDC6,2,741.0,2,1,1,0,103,1
CASP7,2,740.0,2,1,1,0,54,1
FBXO42,2,740.0,2,1,1,0,126,1
RPS27,2,739.0,2,1,1,0,246,1
LATS2,2,738.0,2,1,1,0,141,1
LRRK2,2,738.0,2,1,1,0,191,1
MAPKAPK5,2,738.0,2,1,1,0,33,1
KRT5,2,737.0,2,1,1,0,94,1
FBXO11,2,736.0,2,1,1,0,49,1
TOP3A,2,736.0,2,1,1,0,70,1
CSNK1E,2,735.0,2,1,1,0,132,1
OBSL1,2,734.0,2,1,1,0,398,1
HNRNPC,2,733.0,2,1,1,0,334,1
RNF40,2,732.0,2,1,1,0,118,1
UBE4B,2,732.0,2,1,1,0,68,1
MIF,2,731.0,2,1,1,0,123,1
KDR,2,730.0,2,1,1,0,90,1
ANK2,2,727.0,2,1,1,0,55,1
DTL,2,727.0,2,1,1,0,107,1
CDK8,2,726.0,2,1,1,0,119,1
ERBB4,2,726.0,2,1,1,0,63,1
GATA3,2,724.0,2,1,1,0,123,1
PRDX1,2,723.0,2,1,1,0,204,1
RPS19,2,723.0,2,1,1,0,364,1
TUBB,2,723.0,2,1,1,0,349,1
ALB,2,722.0,2,1,1,0,193,1
MCM4,2,722.0,2,1,1,0,193,1
NUAK1,2,722.0,2,1,1,0,50,1
ACTL6A,2,721.0,2,1,1,0,186,1
YAP1,2,721.0,2,1,1,0,570,1
HMGA1,2,720.0,2,1,1,0,198,1
MEN1,2,720.0,2,1,1,0,486,1
BCL2L2,2,718.0,2,1,1,0,33,1
BUB3,2,718.0,2,1,1,0,169,1
REST,2,718.0,2,1,1,0,169,1
CHD3,2,717.0,2,1,1,0,414,1
CYLD,2,717.0,2,1,1,0,459,1
NFYB,2,717.0,2,1,1,0,41,1
SET,2,714.0,2,1,1,0,128,1
SMN1,2,714.0,2,1,1,0,130,1
BRPF3,2,713.0,2,1,1,0,68,1
RBBP4,2,713.0,2,1,1,0,311,1
VIM,2,712.0,2,1,1,0,339,1
DDB1,2,711.0,2,1,1,0,379,1
MAP2K3,2,711.0,2,1,1,0,151,1
AGO1,2,710.0,2,1,1,0,113,1
KDM6A,2,710.0,2,1,1,0,97,1
UBA1,2,710.0,2,1,1,0,177,1
CUL1,2,709.0,2,1,1,0,433,1
RAD50,2,709.0,2,1,1,0,218,1
TUBB2A,2,709.0,2,1,1,0,154,1
USP24,2,709.0,2,1,1,0,49,1
VCP,2,709.0,2,1,1,0,589,1
TNFAIP3,2,708.0,2,1,1,0,81,1
E2F3,2,707.0,2,1,1,0,49,1
DHCR24,2,706.0,2,1,1,0,53,1
PMS1,2,706.0,2,1,1,0,56,1
PHC3,2,705.0,2,1,1,0,70,1
THRB,2,705.0,2,1,1,0,46,1
RPS6,2,704.0,2,1,1,0,423,1
BAG5,2,703.0,2,1,1,0,154,1
HEY1,2,703.0,2,1,1,0,87,1
WRAP53,2,703.0,2,1,1,0,49,1
ZBTB16,2,703.0,2,1,1,0,66,1
CDKN1C,2,701.0,2,1,1,0,40,1
TSG101,2,701.0,2,1,1,0,134,1
CALML5,2,700.0,2,1,1,0,118,1
HNRNPU,2,700.0,2,1,1,0,477,1
PPIF,1,993.0,1,0,1,0,54,1
CDKN1B,1,991.0,1,0,1,0,131,1
G6PD,1,986.0,1,0,1,0,112,1
TIGAR,1,981.0,1,0,1,0,5,1
S100A2,1,980.0,1,0,1,0,129,1
DDB2,1,979.0,1,0,1,0,129,1
SREBF2,1,978.0,1,0,1,0,97,1
AKT2,1,973.0,1,0,1,0,98,1
H3C12,1,971.0,1,0,1,0,241,1
PMAIP1,1,970.0,1,0,1,0,88,1
MLH1,1,965.0,1,0,1,0,114,1
GADD45B,1,964.0,1,0,1,0,15,1
COP1,1,961.0,1,0,1,0,20,1
MAPK11,1,960.0,1,0,1,0,55,1
TFAM,1,959.0,1,0,1,0,162,1
PIDD1,1,958.0,1,0,1,0,26,1
AKT3,1,953.0,1,0,1,0,65,1
CASP9,1,953.0,1,0,1,0,78,1
KRAS,1,949.0,1,0,1,0,860,1
H4C6,1,947.0,1,0,1,0,248,1
MAPK12,1,946.0,1,0,1,0,59,1
TP53AIP1,1,945.0,1,0,1,0,3,1
MAPK13,1,943.0,1,0,1,0,55,1
PIK3CA,1,941.0,1,0,1,0,138,1
JMY,1,940.0,1,0,1,0,18,1
CASP10,1,939.0,1,0,1,0,33,1
GADD45G,1,937.0,1,0,1,0,30,1
GTSE1,1,933.0,1,0,1,0,100,1
PRKCZ,1,933.0,1,0,1,0,209,1
BIRC5,1,930.0,1,0,1,0,97,1
SUMO4,1,930.0,1,0,1,0,32,1
PERP,1,928.0,1,0,1,0,9,1
CCNE1,1,926.0,1,0,1,0,93,1
SLC2A2,1,926.0,1,0,1,0,8,1
KLF4,1,925.0,1,0,1,0,125,1
SLC25A4,1,925.0,1,0,1,0,88,1
CAPN2,1,924.0,1,0,1,0,70,1
HIPK4,1,918.0,1,0,1,0,21,1
KMT5A,1,916.0,1,0,1,0,39,1
CCNB1,1,914.0,1,0,1,0,196,1
CYCS,1,911.0,1,0,1,0,135,1
DDIT4,1,911.0,1,0,1,0,20,1
ZNF385A,1,910.0,1,0,1,0,10,1
PCBP4,1,909.0,1,0,1,0,14,1
YWHAG,1,909.0,1,0,1,0,354,1
TNFRSF10B,1,908.0,1,0,1,0,63,1
ATG7,1,907.0,1,0,1,0,155,1
MRE11,1,905.0,1,0,1,0,59,1
TP53I3,1,903.0,1,0,1,0,7,1
TPX2,1,903.0,1,0,1,0,133,1
IGFBP3,1,901.0,1,0,1,0,28,1
EZH2,1,899.0,1,0,1,0,738,1
CASP6,1,898.0,1,0,1,0,39,1
TNFRSF10A,1,898.0,1,0,1,0,53,1
H2AX,1,892.0,1,0,1,0,129,1
CCNE2,1,890.0,1,0,1,0,40,1
BTG2,1,888.0,1,0,1,0,17,1
BRAF,1,887.0,1,0,1,0,119,1
FOXO1,1,886.0,1,0,1,0,232,1
SOX2,1,883.0,1,0,1,0,592,1
H4C14,1,880.0,1,0,1,0,121,1
NF1,1,880.0,1,0,1,0,106,1
H3C2,1,879.0,1,0,1,0,93,1
H6PD,1,879.0,1,0,1,0,29,1
INS,1,879.0,1,0,1,0,268,1
SLCO6A1,1,879.0,1,0,1,0,26,1
CASP1,1,876.0,1,0,1,0,69,1
CD44,1,876.0,1,0,1,0,154,1
H2BC12,1,876.0,1,0,1,0,78,1
NRAS,1,876.0,1,0,1,0,221,1
SMAD4,1,875.0,1,0,1,0,211,1
H2BC11,1,874.0,1,0,1,0,115,1
SESN1,1,874.0,1,0,1,0,16,1
FANCC,1,871.0,1,0,1,0,55,1
CCNL2,1,870.0,1,0,1,0,81,1
PRDM1,1,870.0,1,0,1,0,41,1
BCL2L11,1,867.0,1,0,1,0,67,1
H3C3,1,867.0,1,0,1,0,98,1
H3-3B,1,865.0,1,0,1,0,219,1
TNF,1,865.0,1,0,1,0,243,1
GSDME,1,864.0,1,0,1,0,6,1
H3-5,1,864.0,1,0,1,0,160,1
H3-2,1,863.0,1,0,1,0,152,1
H3-4,1,863.0,1,0,1,0,206,1
H3C13,1,863.0,1,0,1,0,257,1
CEBPB,1,862.0,1,0,1,0,683,1
CDC25A,1,861.0,1,0,1,0,114,1
H3C4,1,861.0,1,0,1,0,93,1
H2AC8,1,860.0,1,0,1,0,77,1
H3C10,1,860.0,1,0,1,0,93,1
H3C6,1,859.0,1,0,1,0,99,1
H3C8,1,859.0,1,0,1,0,93,1
NDRG1,1,859.0,1,0,1,0,101,1
CDKN3,1,858.0,1,0,1,0,61,1
H3C1,1,858.0,1,0,1,0,113,1
KMT2C,1,858.0,1,0,1,0,107,1
H3C11,1,857.0,1,0,1,0,93,1
H3C7,1,857.0,1,0,1,0,93,1
KLF6,1,857.0,1,0,1,0,51,1
NANOG,1,857.0,1,0,1,0,150,1
BID,1,856.0,1,0,1,0,86,1
STEAP3,1,856.0,1,0,1,0,35,1
BNIP3L,1,855.0,1,0,1,0,25,1
PLK2,1,855.0,1,0,1,0,24,1
SESN2,1,854.0,1,0,1,0,30,1
CDH1,1,853.0,1,0,1,0,343,1
PIK3R1,1,853.0,1,0,1,0,146,1
MYCN,1,852.0,1,0,1,0,560,1
PGR,1,849.0,1,0,1,0,84,1
IKBIP,1,845.0,1,0,1,0,58,1
ATRIP,1,840.0,1,0,1,0,58,1
MAGEA2B,1,839.0,1,0,1,0,9,1
MMP9,1,838.0,1,0,1,0,66,1
POLB,1,838.0,1,0,1,0,36,1
XIAP,1,836.0,1,0,1,0,132,1
DNMT3A,1,835.0,1,0,1,0,96,1
IFNG,1,834.0,1,0,1,0,76,1
CTCF,1,830.0,1,0,1,0,258,1
DRAM1,1,830.0,1,0,1,0,2,1
H4-16,1,824.0,1,0,1,0,121,1
H4C3,1,824.0,1,0,1,0,121,1
POU5F1,1,824.0,1,0,1,0,218,1
H4C5,1,822.0,1,0,1,0,121,1
H4C9,1,822.0,1,0,1,0,121,1
H4C2,1,821.0,1,0,1,0,121,1
H4C4,1,821.0,1,0,1,0,121,1
PXDN,1,821.0,1,0,1,0,73,1
PXDNL,1,821.0,1,0,1,0,53,1
FADD,1,820.0,1,0,1,0,70,1
H4C1,1,820.0,1,0,1,0,121,1
H4C12,1,820.0,1,0,1,0,121,1
H4C13,1,820.0,1,0,1,0,121,1
H4C15,1,820.0,1,0,1,0,121,1
RUNX1,1,820.0,1,0,1,0,204,1
H4C11,1,819.0,1,0,1,0,121,1
H4C8,1,819.0,1,0,1,0,121,1
ANXA5,1,818.0,1,0,1,0,125,1
LOC102723407,1,813.0,1,0,1,0,26,1
RAD9A,1,813.0,1,0,1,0,68,1
KEAP1,1,810.0,1,0,1,0,153,1
TGFB1,1,809.0,1,0,1,0,187,1
RAD17,1,807.0,1,0,1,0,57,1
CCNK,1,806.0,1,0,1,0,70,1
ATF2,1,805.0,1,0,1,0,143,1
NLRC4,1,802.0,1,0,1,0,17,1
RET,1,801.0,1,0,1,0,91,1
SREBF1,1,801.0,1,0,1,0,82,1
H2AC4,1,800.0,1,0,1,0,67,1
CDK5R1,1,798.0,1,0,1,0,30,1
MYOD1,1,797.0,1,0,1,0,94,1
SESN3,1,796.0,1,0,1,0,8,1
CASP2,1,794.0,1,0,1,0,34,1
RGCC,1,794.0,1,0,1,0,11,1
ABRAXAS2,1,790.0,1,0,1,0,6,1
NOTCH1,1,789.0,1,0,1,0,157,1
COMMD3-BMI1,1,787.0,1,0,1,0,45,1
KRT7,1,787.0,1,0,1,0,48,1
KDM6B,1,786.0,1,0,1,0,80,1
ESR2,1,783.0,1,0,1,0,723,1
IDH2,1,783.0,1,0,1,0,97,1
CNOT3,1,782.0,1,0,1,0,75,1
EGF,1,780.0,1,0,1,0,87,1
BDP1,1,778.0,1,0,1,0,34,1
IL6,1,777.0,1,0,1,0,124,1
CD274,1,776.0,1,0,1,0,213,1
CDK12,1,775.0,1,0,1,0,128,1
MMP7,1,774.0,1,0,1,0,11,1
ALK,1,772.0,1,0,1,0,215,1
PAX8,1,772.0,1,0,1,0,59,1
VDAC1,1,772.0,1,0,1,0,245,1
HLA-A,1,770.0,1,0,1,0,115,1
MGMT,1,770.0,1,0,1,0,77,1
MYB,1,770.0,1,0,1,0,85,1
VENTX,1,770.0,1,0,1,0,14,1
NSD2,1,769.0,1,0,1,0,42,1
TNFRSF10D,1,769.0,1,0,1,0,8,1
GRB2,1,766.0,1,0,1,0,298,1
POU4F1,1,766.0,1,0,1,0,7,1
STMN1,1,766.0,1,0,1,0,82,1
E2F8,1,765.0,1,0,1,0,34,1
ATG5,1,764.0,1,0,1,0,219,1
LGALS4,1,764.0,1,0,1,0,13,1
DICER1,1,762.0,1,0,1,0,107,1
KLK3,1,760.0,1,0,1,0,14,1
PRKN,1,760.0,1,0,1,0,66,1
RBL2,1,760.0,1,0,1,0,64,1
HDAC8,1,756.0,1,0,1,0,60,1
IL10,1,756.0,1,0,1,0,68,1
RABGGTA,1,756.0,1,0,1,0,25,1
STAT5A,1,755.0,1,0,1,0,87,1
FGF2,1,754.0,1,0,1,0,76,1
LMO3,1,754.0,1,0,1,0,25,1
SETD9,1,752.0,1,0,1,0,6,1
DCAF1,1,751.0,1,0,1,0,25,1
MMUT,1,751.0,1,0,1,0,11,1
SIRT3,1,750.0,1,0,1,0,51,1
SRSF2,1,750.0,1,0,1,0,175,1
SIRT6,1,748.0,1,0,1,0,336,1
MUTYH,1,746.0,1,0,1,0,35,1
IGF2,1,745.0,1,0,1,0,37,1
TTC5,1,745.0,1,0,1,0,61,1
POU4F2,1,743.0,1,0,1,0,7,1
HDAC3,1,741.0,1,0,1,0,179,1
IL2,1,741.0,1,0,1,0,59,1
TNFRSF1A,1,741.0,1,0,1,0,105,1
MAP1B,1,740.0,1,0,1,0,254,1
LIN28A,1,739.0,1,0,1,0,148,1
YWHAQ,1,739.0,1,0,1,0,392,1
PALB2,1,738.0,1,0,1,0,75,1
XPA,1,738.0,1,0,1,0,77,1
TXNDC9,1,737.0,1,0,1,0,56,1
EPAS1,1,736.0,1,0,1,0,103,1
FOXA1,1,735.0,1,0,1,0,193,1
ANK1,1,734.0,1,0,1,0,29,1
DLG4,1,734.0,1,0,1,0,51,1
HSPB2,1,733.0,1,0,1,0,68,1
HSPB3,1,733.0,1,0,1,0,32,1
MAF,1,731.0,1,0,1,0,41,1
DMD,1,730.0,1,0,1,0,44,1
GPX4,1,730.0,1,0,1,0,48,1
JAK2,1,728.0,1,0,1,0,92,1
STAT5B,1,728.0,1,0,1,0,88,1
BSG,1,727.0,1,0,1,0,207,1
CD38,1,727.0,1,0,1,0,27,1
CCAR2,1,726.0,1,0,1,0,176,1
H1-0,1,726.0,1,0,1,0,47,1
OGA,1,725.0,1,0,1,0,6,1
CITED2,1,723.0,1,0,1,0,17,1
FLT3,1,722.0,1,0,1,0,111,1
ICAM1,1,722.0,1,0,1,0,168,1
ASXL1,1,721.0,1,0,1,0,175,1
CABIN1,1,721.0,1,0,1,0,40,1
MYD88,1,721.0,1,0,1,0,67,1
HERC1,1,720.0,1,0,1,0,37,1
IGF1,1,720.0,1,0,1,0,70,1
THBS1,1,720.0,1,0,1,0,42,1
H4C7,1,719.0,1,0,1,0,51,1
PHGDH,1,719.0,1,0,1,0,207,1
CSF2,1,718.0,1,0,1,0,40,1
FASLG,1,718.0,1,0,1,0,53,1
FGFR3,1,718.0,1,0,1,0,130,1
IL1B,1,718.0,1,0,1,0,110,1
IL4,1,718.0,1,0,1,0,40,1
UBL4A,1,717.0,1,0,1,0,193,1
SKP2,1,716.0,1,0,1,0,163,1
APP,1,714.0,1,0,1,0,513,1
PPP2CB,1,714.0,1,0,1,0,110,1
TSC2,1,713.0,1,0,1,0,98,1
HUS1,1,712.0,1,0,1,0,69,1
NFYC,1,711.0,1,0,1,0,75,1
NOTCH3,1,710.0,1,0,1,0,36,1
SLC7A11,1,710.0,1,0,1,0,33,1
SERPINB5,1,709.0,1,0,1,0,52,1
EXO1,1,708.0,1,0,1,0,125,1
ZMAT3,1,708.0,1,0,1,0,11,1
MAGEA3,1,707.0,1,0,1,0,67,1
HK2,1,706.0,1,0,1,0,63,1
CD4,1,703.0,1,0,1,0,123,1
RCOR1,1,703.0,1,0,1,0,246,1
IRS1,1,702.0,1,0,1,0,100,1
NOP53,1,702.0,1,0,1,0,64,1
KHDRBS1,1,701.0,1,0,1,0,189,1
CD34,1,700.0,1,0,1,0,37,1
PRKCA,1,700.0,1,0,1,0,143,1
RPS6KB1,1,700.0,1,0,1,0,104,1
AAGAB,1,0.0,1,1,0,0,11,0
AARS,1,0.0,1,1,0,0,87,0
AASDH,1,0.0,1,1,0,0,10,0
AATF,1,0.0,1,1,0,0,189,0
AATK,1,0.0,1,1,0,0,62,0
ABCA12,1,0.0,1,1,0,0,7,0
ABCE1,1,0.0,1,1,0,0,241,0
ABCF1,1,0.0,1,1,0,0,133,0
ABCF2,1,0.0,1,1,0,0,116,0
ABHD16B,1,0.0,1,1,0,0,3,0
ABR,1,0.0,1,1,0,0,21,0
ACACA,1,0.0,1,1,0,0,212,0
ACAD10,1,0.0,1,1,0,0,20,0
ACADM,1,0.0,1,1,0,0,63,0
ACBD3,1,0.0,1,1,0,0,89,0
ACE2,1,0.0,1,1,0,0,521,0
ACKR3,1,0.0,1,1,0,0,11,0
ACLY,1,0.0,1,1,0,0,172,0
ACO2,1,0.0,1,1,0,0,112,0
ACSL4,1,0.0,1,1,0,0,62,0
ACTA2,1,0.0,1,1,0,0,115,0
ACTBL2,1,0.0,1,1,0,0,112,0
ACTG1,1,0.0,1,1,0,0,222,0
ACTN4,1,0.0,1,1,0,0,196,0
ACTR3,1,0.0,1,1,0,0,140,0
ACVR1C,1,0.0,1,1,0,0,5,0
ADAM28,1,0.0,1,1,0,0,4,0
ADAM9,1,0.0,1,1,0,0,22,0
ADAR,1,0.0,1,1,0,0,174,0
ADCK5,1,0.0,1,1,0,0,4,0
ADD1,1,0.0,1,1,0,0,78,0
ADD3,1,0.0,1,1,0,0,57,0
ADH5,1,0.0,1,1,0,0,29,0
ADNP,1,0.0,1,1,0,0,99,0
ADO,1,0.0,1,1,0,0,4,0
AGBL2,1,0.0,1,1,0,0,4,0
AGGF1,1,0.0,1,1,0,0,22,0
AGPAT6,1,0.0,1,1,0,0,27,0
AGT,1,0.0,1,1,0,0,31,0
AGTPBP1,1,0.0,1,1,0,0,27,0
AGTRAP,1,0.0,1,1,0,0,29,0
AHCTF1,1,0.0,1,1,0,0,73,0
AHCY,1,0.0,1,1,0,0,154,0
AHNAK,1,0.0,1,1,0,0,143,0
AIFM1,1,0.0,1,1,0,0,221,0
AIP,1,0.0,1,1,0,0,59,0
AIPL1,1,0.0,1,1,0,0,16,0
AKAP12,1,0.0,1,1,0,0,59,0
AKAP5,1,0.0,1,1,0,0,25,0
AKAP8L,1,0.0,1,1,0,0,118,0
AKR1A1,1,0.0,1,1,0,0,25,0
ALDH18A1,1,0.0,1,1,0,0,103,0
ALG6,1,0.0,1,1,0,0,11,0
ALKBH5,1,0.0,1,1,0,0,38,0
ALYREF,1,0.0,1,1,0,0,227,0
ANAPC2,1,0.0,1,1,0,0,118,0
ANG,1,0.0,1,1,0,0,6,0
ANKRD2,1,0.0,1,1,0,0,6,0
ANKRD26,1,0.0,1,1,0,0,50,0
ANKRD27,1,0.0,1,1,0,0,17,0
ANKRD36C,1,0.0,1,1,0,0,6,0
ANKRD49,1,0.0,1,1,0,0,21,0
ANP32E,1,0.0,1,1,0,0,69,0
ANXA11,1,0.0,1,1,0,0,48,0
ANXA3,1,0.0,1,1,0,0,15,0
ANXA7,1,0.0,1,1,0,0,81,0
AP1B1,1,0.0,1,1,0,0,79,0
AP1G1,1,0.0,1,1,0,0,66,0
AP2B1,1,0.0,1,1,0,0,148,0
AP3B1,1,0.0,1,1,0,0,83,0
AP3B2,1,0.0,1,1,0,0,15,0
AP3D1,1,0.0,1,1,0,0,82,0
APBB2,1,0.0,1,1,0,0,20,0
APC,1,0.0,1,1,0,0,141,0
APEH,1,0.0,1,1,0,0,38,0
APEX2,1,0.0,1,1,0,0,23,0
APOH,1,0.0,1,1,0,0,14,0
APPL1,1,0.0,1,1,0,0,77,0
APTX,1,0.0,1,1,0,0,36,0
ARAF,1,0.0,1,1,0,0,220,0
ARG1,1,0.0,1,1,0,0,79,0
ARGLU1,1,0.0,1,1,0,0,81,0
ARHGAP20,1,0.0,1,1,0,0,11,0
ARHGAP33,1,0.0,1,1,0,0,3,0
ARHGAP5,1,0.0,1,1,0,0,27,0
ARHGEF17,1,0.0,1,1,0,0,20,0
ARHGEF26,1,0.0,1,1,0,0,13,0
ARHGEF4,1,0.0,1,1,0,0,30,0
ARID3B,1,0.0,1,1,0,0,51,0
ARID5B,1,0.0,1,1,0,0,33,0
ARIH2,1,0.0,1,1,0,0,166,0
ARL14EPL,1,0.0,1,1,0,0,1,0
ARL3,1,0.0,1,1,0,0,25,0
ARL6IP1,1,0.0,1,1,0,0,94,0
ARL6IP4,1,0.0,1,1,0,0,53,0
ARL6IP5,1,0.0,1,1,0,0,51,0
ARMCX5,1,0.0,1,1,0,0,9,0
ARNT,1,0.0,1,1,0,0,134,0
ARPP21,1,0.0,1,1,0,0,1,0
ARRB1,1,0.0,1,1,0,0,155,0
ARRDC1,1,0.0,1,1,0,0,27,0
ASF1A,1,0.0,1,1,0,0,149,0
ASH2L,1,0.0,1,1,0,0,173,0
ASPH,1,0.0,1,1,0,0,91,0
ASPM,1,0.0,1,1,0,0,89,0
ASTL,1,0.0,1,1,0,0,4,0
ATF7IP,1,0.0,1,1,0,0,48,0
ATIC,1,0.0,1,1,0,0,92,0
ATN1,1,0.0,1,1,0,0,66,0
ATP1A1,1,0.0,1,1,0,0,260,0
ATP2A2,1,0.0,1,1,0,0,146,0
ATP2C1,1,0.0,1,1,0,0,20,0
ATP5A1,1,0.0,1,1,0,0,265,0
ATP5O,1,0.0,1,1,0,0,129,0
ATP6V0A1,1,0.0,1,1,0,0,41,0
ATP8A2,1,0.0,1,1,0,0,3,0
ATXN3,1,0.0,1,1,0,0,255,0
AZGP1,1,0.0,1,1,0,0,50,0
B4GALT7,1,0.0,1,1,0,0,15,0
BAAT,1,0.0,1,1,0,0,12,0
BABAM1,1,0.0,1,1,0,0,44,0
BACH1,1,0.0,1,1,0,0,49,0
BACH2,1,0.0,1,1,0,0,29,0
BAG6,1,0.0,1,1,0,0,166,0
BAIAP2L1,1,0.0,1,1,0,0,50,0
BAP1,1,0.0,1,1,0,0,618,0
BAZ1B,1,0.0,1,1,0,0,114,0
BBS7,1,0.0,1,1,0,0,30,0
BCAP31,1,0.0,1,1,0,0,158,0
BCAS3,1,0.0,1,1,0,0,47,0
BCCIP,1,0.0,1,1,0,0,83,0
BCL2L12,1,0.0,1,1,0,0,19,0
BCOR,1,0.0,1,1,0,0,133,0
BCORL1,1,0.0,1,1,0,0,43,0
BCR,1,0.0,1,1,0,0,105,0
BDKRB1,1,0.0,1,1,0,0,13,0
BHLHE40,1,0.0,1,1,0,0,45,0
BICD1,1,0.0,1,1,0,0,87,0
BIRC3,1,0.0,1,1,0,0,640,0
BIRC6,1,0.0,1,1,0,0,77,0
BLMH,1,0.0,1,1,0,0,63,0
BMP1,1,0.0,1,1,0,0,19,0
BMS1,1,0.0,1,1,0,0,168,0
BNC2,1,0.0,1,1,0,0,7,0
BOP1,1,0.0,1,1,0,0,165,0
BPTF,1,0.0,1,1,0,0,119,0
BRAP,1,0.0,1,1,0,0,51,0
BRCC3,1,0.0,1,1,0,0,92,0
BRD2,1,0.0,1,1,0,0,196,0
BRD3,1,0.0,1,1,0,0,187,0
BRD8,1,0.0,1,1,0,0,70,0
BRDT,1,0.0,1,1,0,0,48,0
BRE,1,0.0,1,1,0,0,49,0
BRF1,1,0.0,1,1,0,0,54,0
BRINP1,1,0.0,1,1,0,0,19,0
BRSK2,1,0.0,1,1,0,0,12,0
BTBD2,1,0.0,1,1,0,0,32,0
BTF3,1,0.0,1,1,0,0,385,0
BTK,1,0.0,1,1,0,0,63,0
C10ORF90,1,0.0,1,1,0,0,7,0
C11ORF30,1,0.0,1,1,0,0,72,0
C11ORF68,1,0.0,1,1,0,0,7,0
C12ORF49,1,0.0,1,1,0,0,63,0
C12ORF5,1,0.0,1,1,0,0,24,0
C14ORF37,1,0.0,1,1,0,0,3,0
C14ORF80,1,0.0,1,1,0,0,22,0
C15ORF39,1,0.0,1,1,0,0,29,0
C16ORF59,1,0.0,1,1,0,0,5,0
C16ORF72,1,0.0,1,1,0,0,295,0
C18ORF21,1,0.0,1,1,0,0,41,0
C18ORF25,1,0.0,1,1,0,0,45,0
C19ORF38,1,0.0,1,1,0,0,15,0
C19ORF40,1,0.0,1,1,0,0,12,0
C19ORF44,1,0.0,1,1,0,0,10,0
C19ORF47,1,0.0,1,1,0,0,15,0
C1ORF111,1,0.0,1,1,0,0,7,0
C1ORF27,1,0.0,1,1,0,0,28,0
C1ORF86,1,0.0,1,1,0,0,16,0
C2ORF44,1,0.0,1,1,0,0,49,0
C4B,1,0.0,1,1,0,0,9,0
C4BPB,1,0.0,1,1,0,0,4,0
C4ORF32,1,0.0,1,1,0,0,17,0
C6ORF201,1,0.0,1,1,0,0,6,0
C9ORF78,1,0.0,1,1,0,0,228,0
CAB39,1,0.0,1,1,0,0,27,0
CABLES2,1,0.0,1,1,0,0,9,0
CAD,1,0.0,1,1,0,0,227,0
CADM2,1,0.0,1,1,0,0,2,0
CADM4,1,0.0,1,1,0,0,10,0
CAGE1,1,0.0,1,1,0,0,9,0
CALD1,1,0.0,1,1,0,0,112,0
CANX,1,0.0,1,1,0,0,323,0
CAP2,1,0.0,1,1,0,0,27,0
CAPG,1,0.0,1,1,0,0,32,0
CAPN7,1,0.0,1,1,0,0,14,0
CAPN8,1,0.0,1,1,0,0,5,0
CAPZA1,1,0.0,1,1,0,0,175,0
CAPZB,1,0.0,1,1,0,0,480,0
CASC5,1,0.0,1,1,0,0,46,0
CASP14,1,0.0,1,1,0,0,72,0
CAT,1,0.0,1,1,0,0,70,0
CBL,1,0.0,1,1,0,0,211,0
CBLB,1,0.0,1,1,0,0,42,0
CBLC,1,0.0,1,1,0,0,37,0
CBX4,1,0.0,1,1,0,0,122,0
CC2D2B,1,0.0,1,1,0,0,2,0
CCAR1,1,0.0,1,1,0,0,98,0
CCDC174,1,0.0,1,1,0,0,12,0
CCDC175,1,0.0,1,1,0,0,2,0
CCDC3,1,0.0,1,1,0,0,4,0
CCDC54,1,0.0,1,1,0,0,2,0
CCDC6,1,0.0,1,1,0,0,118,0
CCDC86,1,0.0,1,1,0,0,80,0
CCDC91,1,0.0,1,1,0,0,12,0
CCL18,1,0.0,1,1,0,0,9,0
CCNF,1,0.0,1,1,0,0,832,0
CCNL1,1,0.0,1,1,0,0,29,0
CCNT1,1,0.0,1,1,0,0,136,0
CCT6B,1,0.0,1,1,0,0,74,0
CD2BP2,1,0.0,1,1,0,0,110,0
CD47,1,0.0,1,1,0,0,24,0
CD69,1,0.0,1,1,0,0,17,0
CD81,1,0.0,1,1,0,0,141,0
CDC123,1,0.0,1,1,0,0,623,0
CDC14A,1,0.0,1,1,0,0,63,0
CDC14B,1,0.0,1,1,0,0,62,0
CDC20,1,0.0,1,1,0,0,185,0
CDC23,1,0.0,1,1,0,0,115,0
CDC7,1,0.0,1,1,0,0,78,0
CDCA4,1,0.0,1,1,0,0,17,0
CDIPT,1,0.0,1,1,0,0,60,0
CDK11A,1,0.0,1,1,0,0,93,0
CDK11B,1,0.0,1,1,0,0,88,0
CDKL2,1,0.0,1,1,0,0,31,0
CDKN2AIP,1,0.0,1,1,0,0,67,0
CDS2,1,0.0,1,1,0,0,21,0
CDY1,1,0.0,1,1,0,0,21,0
CEBPZ,1,0.0,1,1,0,0,161,0
CECR2,1,0.0,1,1,0,0,31,0
CELA2B,1,0.0,1,1,0,0,14,0
CENPA,1,0.0,1,1,0,0,224,0
CENPE,1,0.0,1,1,0,0,72,0
CENPH,1,0.0,1,1,0,0,48,0
CENPJ,1,0.0,1,1,0,0,82,0
CEP120,1,0.0,1,1,0,0,38,0
CEP128,1,0.0,1,1,0,0,102,0
CEP135,1,0.0,1,1,0,0,77,0
CEP152,1,0.0,1,1,0,0,67,0
CEP164,1,0.0,1,1,0,0,49,0
CEP170B,1,0.0,1,1,0,0,34,0
CEP192,1,0.0,1,1,0,0,82,0
CEP295,1,0.0,1,1,0,0,33,0
CEP350,1,0.0,1,1,0,0,74,0
CEP55,1,0.0,1,1,0,0,124,0
CEPT1,1,0.0,1,1,0,0,33,0
CETP,1,0.0,1,1,0,0,5,0
CFTR,1,0.0,1,1,0,0,512,0
CGNL1,1,0.0,1,1,0,0,30,0
CHD7,1,0.0,1,1,0,0,77,0
CHD8,1,0.0,1,1,0,0,106,0
CHM,1,0.0,1,1,0,0,13,0
CHMP4B,1,0.0,1,1,0,0,315,0
CHORDC1,1,0.0,1,1,0,0,49,0
CHPT1,1,0.0,1,1,0,0,12,0
CHRFAM7A,1,0.0,1,1,0,0,2,0
CHST9,1,0.0,1,1,0,0,4,0
CIC,1,0.0,1,1,0,0,350,0
CIRH1A,1,0.0,1,1,0,0,79,0
CIT,1,0.0,1,1,0,0,580,0
CKAP2,1,0.0,1,1,0,0,68,0
CKAP2L,1,0.0,1,1,0,0,26,0
CKAP4,1,0.0,1,1,0,0,196,0
CKS2,1,0.0,1,1,0,0,33,0
CLCA3P,1,0.0,1,1,0,0,1,0
CLCN7,1,0.0,1,1,0,0,31,0
CLDND2,1,0.0,1,1,0,0,3,0
CLEC4D,1,0.0,1,1,0,0,91,0
CLEC4E,1,0.0,1,1,0,0,110,0
CLIP2,1,0.0,1,1,0,0,14,0
CLK3,1,0.0,1,1,0,0,83,0
CLPB,1,0.0,1,1,0,0,83,0
CLPTM1,1,0.0,1,1,0,0,32,0
CLSPN,1,0.0,1,1,0,0,83,0
CLTA,1,0.0,1,1,0,0,154,0
CLTB,1,0.0,1,1,0,0,73,0
CLTC,1,0.0,1,1,0,0,297,0
CLUAP1,1,0.0,1,1,0,0,69,0
CLUH,1,0.0,1,1,0,0,51,0
CMTM6,1,0.0,1,1,0,0,12,0
CMTR1,1,0.0,1,1,0,0,135,0
CNBP,1,0.0,1,1,0,0,158,0
CNIH3,1,0.0,1,1,0,0,4,0
CNIH4,1,0.0,1,1,0,0,12,0
CNKSR2,1,0.0,1,1,0,0,11,0
CNTD1,1,0.0,1,1,0,0,3,0
CNTRL,1,0.0,1,1,0,0,80,0
COA1,1,0.0,1,1,0,0,7,0
COL14A1,1,0.0,1,1,0,0,20,0
COL6A5,1,0.0,1,1,0,0,8,0
COLQ,1,0.0,1,1,0,0,10,0
COPB1,1,0.0,1,1,0,0,135,0
COPB2,1,0.0,1,1,0,0,146,0
COPG1,1,0.0,1,1,0,0,99,0
COPS2,1,0.0,1,1,0,0,119,0
COPS3,1,0.0,1,1,0,0,131,0
COPS4,1,0.0,1,1,0,0,100,0
COPS6,1,0.0,1,1,0,0,211,0
COPS7A,1,0.0,1,1,0,0,75,0
COPS8,1,0.0,1,1,0,0,63,0
COQ9,1,0.0,1,1,0,0,32,0
CORO1C,1,0.0,1,1,0,0,137,0
CORO7,1,0.0,1,1,0,0,26,0
COX17,1,0.0,1,1,0,0,27,0
COX7C,1,0.0,1,1,0,0,31,0
CPA5,1,0.0,1,1,0,0,6,0
CPN1,1,0.0,1,1,0,0,3,0
CPNE3,1,0.0,1,1,0,0,63,0
CPNE7,1,0.0,1,1,0,0,22,0
CPSF7,1,0.0,1,1,0,0,149,0
CPT1A,1,0.0,1,1,0,0,59,0
CRBN,1,0.0,1,1,0,0,121,0
CREBZF,1,0.0,1,1,0,0,13,0
CRK,1,0.0,1,1,0,0,156,0
CRTC2,1,0.0,1,1,0,0,42,0
CRYGC,1,0.0,1,1,0,0,5,0
CSDE1,1,0.0,1,1,0,0,150,0
CSN3,1,0.0,1,1,0,0,9,0
CSNK1A1L,1,0.0,1,1,0,0,29,0
CSNK1G3,1,0.0,1,1,0,0,37,0
CSRP2BP,1,0.0,1,1,0,0,57,0
CST6,1,0.0,1,1,0,0,31,0
CSTA,1,0.0,1,1,0,0,65,0
CTBP2,1,0.0,1,1,0,0,155,0
CTBS,1,0.0,1,1,0,0,5,0
CTR9,1,0.0,1,1,0,0,143,0
CTSB,1,0.0,1,1,0,0,104,0
CTSL,1,0.0,1,1,0,0,101,0
CTSS,1,0.0,1,1,0,0,63,0
CUL2,1,0.0,1,1,0,0,302,0
CUL3,1,0.0,1,1,0,0,1008,0
CUL4B,1,0.0,1,1,0,0,353,0
CWF19L2,1,0.0,1,1,0,0,60,0
CXORF57,1,0.0,1,1,0,0,29,0
CXXC1,1,0.0,1,1,0,0,70,0
CYP20A1,1,0.0,1,1,0,0,9,0
DAB2IP,1,0.0,1,1,0,0,33,0
DACH1,1,0.0,1,1,0,0,46,0
DACT1,1,0.0,1,1,0,0,15,0
DAD1,1,0.0,1,1,0,0,36,0
DAOA,1,0.0,1,1,0,0,1,0
DAPK3,1,0.0,1,1,0,0,45,0
DAZAP2,1,0.0,1,1,0,0,37,0
DBN1,1,0.0,1,1,0,0,173,0
DBR1,1,0.0,1,1,0,0,26,0
DCAF10,1,0.0,1,1,0,0,52,0
DCAF12,1,0.0,1,1,0,0,70,0
DCAF13,1,0.0,1,1,0,0,164,0
DCAF7,1,0.0,1,1,0,0,176,0
DCD,1,0.0,1,1,0,0,118,0
DCLRE1C,1,0.0,1,1,0,0,34,0
DCP1A,1,0.0,1,1,0,0,89,0
DCST1,1,0.0,1,1,0,0,5,0
DCTN2,1,0.0,1,1,0,0,151,0
DCUN1D1,1,0.0,1,1,0,0,132,0
DDI2,1,0.0,1,1,0,0,53,0
DDRGK1,1,0.0,1,1,0,0,529,0
DDX1,1,0.0,1,1,0,0,194,0
DDX10,1,0.0,1,1,0,0,128,0
DDX11,1,0.0,1,1,0,0,21,0
DDX11L8,1,0.0,1,1,0,0,3,0
DDX18,1,0.0,1,1,0,0,214,0
DDX21,1,0.0,1,1,0,0,322,0
DDX24,1,0.0,1,1,0,0,299,0
DDX27,1,0.0,1,1,0,0,169,0
DDX31,1,0.0,1,1,0,0,117,0
DDX46,1,0.0,1,1,0,0,125,0
DDX50,1,0.0,1,1,0,0,131,0
DDX54,1,0.0,1,1,0,0,196,0
DDX60,1,0.0,1,1,0,0,53,0
DECR1,1,0.0,1,1,0,0,39,0
DEFB125,1,0.0,1,1,0,0,3,0
DGCR14,1,0.0,1,1,0,0,65,0
DGKZ,1,0.0,1,1,0,0,45,0
DHRS4,1,0.0,1,1,0,0,20,0
DHX15,1,0.0,1,1,0,0,300,0
DHX16,1,0.0,1,1,0,0,102,0
DHX30,1,0.0,1,1,0,0,216,0
DHX36,1,0.0,1,1,0,0,122,0
DHX38,1,0.0,1,1,0,0,101,0
DHX40,1,0.0,1,1,0,0,111,0
DHX9,1,0.0,1,1,0,0,358,0
DIS3,1,0.0,1,1,0,0,85,0
DIS3L2,1,0.0,1,1,0,0,24,0
DKK2,1,0.0,1,1,0,0,16,0
DLD,1,0.0,1,1,0,0,205,0
DLEU1,1,0.0,1,1,0,0,8,0
DLG5,1,0.0,1,1,0,0,73,0
DLST,1,0.0,1,1,0,0,206,0
DNAH10,1,0.0,1,1,0,0,14,0
DNAH17,1,0.0,1,1,0,0,10,0
DNAJA2,1,0.0,1,1,0,0,243,0
DNAJA3,1,0.0,1,1,0,0,147,0
DNAJB6,1,0.0,1,1,0,0,162,0
DNAJC7,1,0.0,1,1,0,0,182,0
DNM2,1,0.0,1,1,0,0,103,0
DNMT3L,1,0.0,1,1,0,0,56,0
DOCK7,1,0.0,1,1,0,0,124,0
DOK7,1,0.0,1,1,0,0,6,0
DOT1L,1,0.0,1,1,0,0,425,0
DPH1,1,0.0,1,1,0,0,27,0
DPP4,1,0.0,1,1,0,0,149,0
DPP6,1,0.0,1,1,0,0,3,0
DPP9,1,0.0,1,1,0,0,33,0
DPY19L1,1,0.0,1,1,0,0,14,0
DRG1,1,0.0,1,1,0,0,197,0
DSC1,1,0.0,1,1,0,0,73,0
DSC3,1,0.0,1,1,0,0,44,0
DSCC1,1,0.0,1,1,0,0,15,0
DSG1,1,0.0,1,1,0,0,101,0
DSG2,1,0.0,1,1,0,0,111,0
DSP,1,0.0,1,1,0,0,224,0
DTX3,1,0.0,1,1,0,0,51,0
DVL2,1,0.0,1,1,0,0,209,0
DYNC1H1,1,0.0,1,1,0,0,240,0
DYNC1I2,1,0.0,1,1,0,0,148,0
DYNC2H1,1,0.0,1,1,0,0,41,0
DYNLL1,1,0.0,1,1,0,0,200,0
DYTN,1,0.0,1,1,0,0,1,0
DZIP1,1,0.0,1,1,0,0,14,0
DZIP3,1,0.0,1,1,0,0,87,0
EAF2,1,0.0,1,1,0,0,27,0
EBNA1BP2,1,0.0,1,1,0,0,195,0
ECD,1,0.0,1,1,0,0,47,0
ECT2,1,0.0,1,1,0,0,372,0
EDC4,1,0.0,1,1,0,0,110,0
EDEM1,1,0.0,1,1,0,0,61,0
EEA1,1,0.0,1,1,0,0,63,0
EEF1A1,1,0.0,1,1,0,0,384,0
EEF1A1P5,1,0.0,1,1,0,0,70,0
EFEMP2,1,0.0,1,1,0,0,16,0
EFNA4,1,0.0,1,1,0,0,90,0
EFNB2,1,0.0,1,1,0,0,29,0
EFTUD2,1,0.0,1,1,0,0,684,0
EGLN3,1,0.0,1,1,0,0,468,0
EIF2B3,1,0.0,1,1,0,0,51,0
EIF2S2,1,0.0,1,1,0,0,179,0
EIF2S3,1,0.0,1,1,0,0,202,0
EIF3A,1,0.0,1,1,0,0,196,0
EIF3B,1,0.0,1,1,0,0,187,0
EIF3C,1,0.0,1,1,0,0,174,0
EIF3E,1,0.0,1,1,0,0,161,0
EIF3F,1,0.0,1,1,0,0,205,0
EIF3G,1,0.0,1,1,0,0,152,0
EIF3H,1,0.0,1,1,0,0,194,0
EIF3I,1,0.0,1,1,0,0,213,0
EIF3L,1,0.0,1,1,0,0,152,0
EIF3M,1,0.0,1,1,0,0,146,0
EIF4B,1,0.0,1,1,0,0,201,0
EIF4E2,1,0.0,1,1,0,0,87,0
EIF5AL1,1,0.0,1,1,0,0,77,0
EIF5B,1,0.0,1,1,0,0,189,0
ELL3,1,0.0,1,1,0,0,18,0
ELOVL1,1,0.0,1,1,0,0,25,0
ELP2,1,0.0,1,1,0,0,51,0
EMC1,1,0.0,1,1,0,0,132,0
EML4,1,0.0,1,1,0,0,93,0
ENAH,1,0.0,1,1,0,0,45,0
EPB41,1,0.0,1,1,0,0,64,0
EPB41L2,1,0.0,1,1,0,0,138,0
EPB41L3,1,0.0,1,1,0,0,101,0
EPG5,1,0.0,1,1,0,0,6,0
EPHA2,1,0.0,1,1,0,0,200,0
EPHA3,1,0.0,1,1,0,0,34,0
EPPK1,1,0.0,1,1,0,0,81,0
EPRS,1,0.0,1,1,0,0,217,0
ERBB3,1,0.0,1,1,0,0,109,0
ERCC8,1,0.0,1,1,0,0,110,0
ERH,1,0.0,1,1,0,0,138,0
ERI3,1,0.0,1,1,0,0,12,0
ERN1,1,0.0,1,1,0,0,40,0
ESRRA,1,0.0,1,1,0,0,44,0
ESRRG,1,0.0,1,1,0,0,28,0
ESYT1,1,0.0,1,1,0,0,117,0
ESYT2,1,0.0,1,1,0,0,105,0
ETHE1,1,0.0,1,1,0,0,18,0
ETV1,1,0.0,1,1,0,0,21,0
EVL,1,0.0,1,1,0,0,26,0
EXOC3,1,0.0,1,1,0,0,36,0
EXOSC1,1,0.0,1,1,0,0,72,0
EXOSC10,1,0.0,1,1,0,0,175,0
EXOSC4,1,0.0,1,1,0,0,111,0
EXOSC7,1,0.0,1,1,0,0,85,0
EXOSC8,1,0.0,1,1,0,0,91,0
EXOSC9,1,0.0,1,1,0,0,101,0
EYA3,1,0.0,1,1,0,0,30,0
EZR,1,0.0,1,1,0,0,210,0
FAM111A,1,0.0,1,1,0,0,35,0
FAM115A,1,0.0,1,1,0,0,41,0
FAM133A,1,0.0,1,1,0,0,25,0
FAM133B,1,0.0,1,1,0,0,19,0
FAM173A,1,0.0,1,1,0,0,5,0
FAM174A,1,0.0,1,1,0,0,37,0
FAM175B,1,0.0,1,1,0,0,42,0
FAM178A,1,0.0,1,1,0,0,16,0
FAM188B,1,0.0,1,1,0,0,45,0
FAM198B,1,0.0,1,1,0,0,2,0
FAM217A,1,0.0,1,1,0,0,1,0
FAM21A,1,0.0,1,1,0,0,55,0
FAM21C,1,0.0,1,1,0,0,33,0
FAM24A,1,0.0,1,1,0,0,1,0
FAM35A,1,0.0,1,1,0,0,23,0
FAM47E-STBD1,1,0.0,1,1,0,0,1,0
FAM50A,1,0.0,1,1,0,0,56,0
FAM83D,1,0.0,1,1,0,0,37,0
FAM91A1,1,0.0,1,1,0,0,38,0
FARP2,1,0.0,1,1,0,0,48,0
FARSA,1,0.0,1,1,0,0,94,0
FARSB,1,0.0,1,1,0,0,79,0
FASN,1,0.0,1,1,0,0,408,0
FAU,1,0.0,1,1,0,0,214,0
FBL,1,0.0,1,1,0,0,331,0
FBRS,1,0.0,1,1,0,0,42,0
FBRSL1,1,0.0,1,1,0,0,27,0
FBXL15,1,0.0,1,1,0,0,22,0
FBXL6,1,0.0,1,1,0,0,247,0
FBXL8,1,0.0,1,1,0,0,8,0
FBXO21,1,0.0,1,1,0,0,27,0
FBXO22,1,0.0,1,1,0,0,175,0
FBXO4,1,0.0,1,1,0,0,28,0
FBXO46,1,0.0,1,1,0,0,17,0
FBXW11,1,0.0,1,1,0,0,198,0
FCAMR,1,0.0,1,1,0,0,1,0
FCRL6,1,0.0,1,1,0,0,1,0
FERMT2,1,0.0,1,1,0,0,64,0
FEV,1,0.0,1,1,0,0,95,0
FGD6,1,0.0,1,1,0,0,19,0
FGF10,1,0.0,1,1,0,0,33,0
FGFR4,1,0.0,1,1,0,0,148,0
FHAD1,1,0.0,1,1,0,0,3,0
FHIT,1,0.0,1,1,0,0,11,0
FKBP10,1,0.0,1,1,0,0,40,0
FKBP3,1,0.0,1,1,0,0,70,0
FKBP4,1,0.0,1,1,0,0,126,0
FKBP5,1,0.0,1,1,0,0,173,0
FLG2,1,0.0,1,1,0,0,68,0
FLI1,1,0.0,1,1,0,0,30,0
FLNA,1,0.0,1,1,0,0,283,0
FLNB,1,0.0,1,1,0,0,156,0
FLVCR1,1,0.0,1,1,0,0,16,0
FN3KRP,1,0.0,1,1,0,0,35,0
FOXA3,1,0.0,1,1,0,0,20,0
FOXB1,1,0.0,1,1,0,0,53,0
FOXC1,1,0.0,1,1,0,0,126,0
FOXG1,1,0.0,1,1,0,0,40,0
FOXJ3,1,0.0,1,1,0,0,19,0
FOXK1,1,0.0,1,1,0,0,111,0
FOXK2,1,0.0,1,1,0,0,93,0
FOXN1,1,0.0,1,1,0,0,17,0
FOXP1,1,0.0,1,1,0,0,120,0
FOXP2,1,0.0,1,1,0,0,31,0
FOXP4,1,0.0,1,1,0,0,32,0
FOXQ1,1,0.0,1,1,0,0,72,0
FOXS1,1,0.0,1,1,0,0,34,0
FRMD6,1,0.0,1,1,0,0,19,0
FSIP2,1,0.0,1,1,0,0,12,0
FTH1,1,0.0,1,1,0,0,64,0
FTSJ3,1,0.0,1,1,0,0,228,0
FUBP3,1,0.0,1,1,0,0,137,0
FURIN,1,0.0,1,1,0,0,95,0
FUS,1,0.0,1,1,0,0,357,0
FUT10,1,0.0,1,1,0,0,2,0
FXR1,1,0.0,1,1,0,0,280,0
FXYD6,1,0.0,1,1,0,0,7,0
FZR1,1,0.0,1,1,0,0,522,0
G3BP2,1,0.0,1,1,0,0,250,0
GAA,1,0.0,1,1,0,0,31,0
GABARAPL2,1,0.0,1,1,0,0,68,0
GABRB2,1,0.0,1,1,0,0,2,0
GABRG3,1,0.0,1,1,0,0,5,0
GAK,1,0.0,1,1,0,0,78,0
GANAB,1,0.0,1,1,0,0,149,0
GAPDHS,1,0.0,1,1,0,0,40,0
GARS,1,0.0,1,1,0,0,122,0
GART,1,0.0,1,1,0,0,141,0
GAS5,1,0.0,1,1,0,0,9,0
GATA2,1,0.0,1,1,0,0,105,0
GATA4,1,0.0,1,1,0,0,220,0
GATAD2A,1,0.0,1,1,0,0,107,0
GATAD2B,1,0.0,1,1,0,0,115,0
GBP2,1,0.0,1,1,0,0,32,0
GBP6,1,0.0,1,1,0,0,10,0
GCN1L1,1,0.0,1,1,0,0,148,0
GEMIN5,1,0.0,1,1,0,0,138,0
GFAP,1,0.0,1,1,0,0,91,0
GFM1,1,0.0,1,1,0,0,126,0
GFM2,1,0.0,1,1,0,0,50,0
GFPT2,1,0.0,1,1,0,0,35,0
GGA1,1,0.0,1,1,0,0,49,0
GGA2,1,0.0,1,1,0,0,28,0
GGA3,1,0.0,1,1,0,0,52,0
GHITM,1,0.0,1,1,0,0,20,0
GID8,1,0.0,1,1,0,0,36,0
GIGYF2,1,0.0,1,1,0,0,124,0
GJA5,1,0.0,1,1,0,0,10,0
GK2,1,0.0,1,1,0,0,6,0
GLCCI1,1,0.0,1,1,0,0,15,0
GLI1,1,0.0,1,1,0,0,75,0
GLIS1,1,0.0,1,1,0,0,11,0
GLRA1,1,0.0,1,1,0,0,2,0
GLTSCR1L,1,0.0,1,1,0,0,14,0
GLTSCR2,1,0.0,1,1,0,0,142,0
GMPS,1,0.0,1,1,0,0,103,0
GNB2,1,0.0,1,1,0,0,203,0
GNB2L1,1,0.0,1,1,0,0,351,0
GNL2,1,0.0,1,1,0,0,212,0
GNL3L,1,0.0,1,1,0,0,137,0
GNPNAT1,1,0.0,1,1,0,0,17,0
GNS,1,0.0,1,1,0,0,51,0
GOLGA2P5,1,0.0,1,1,0,0,1,0
GP6,1,0.0,1,1,0,0,11,0
GPATCH8,1,0.0,1,1,0,0,50,0
GPCPD1,1,0.0,1,1,0,0,3,0
GPER1,1,0.0,1,1,0,0,11,0
GPHN,1,0.0,1,1,0,0,38,0
GPR156,1,0.0,1,1,0,0,18,0
GPS1,1,0.0,1,1,0,0,99,0
GPS2,1,0.0,1,1,0,0,56,0
GPSM3,1,0.0,1,1,0,0,19,0
GRIN2B,1,0.0,1,1,0,0,34,0
GRWD1,1,0.0,1,1,0,0,274,0
GSE1,1,0.0,1,1,0,0,61,0
GSG2,1,0.0,1,1,0,0,51,0
GSN,1,0.0,1,1,0,0,83,0
GSPT1,1,0.0,1,1,0,0,187,0
GSR,1,0.0,1,1,0,0,59,0
GSTM4,1,0.0,1,1,0,0,12,0
GSTO1,1,0.0,1,1,0,0,44,0
GTF2A1,1,0.0,1,1,0,0,84,0
GTF2E1,1,0.0,1,1,0,0,102,0
GTF2E2,1,0.0,1,1,0,0,118,0
GTF2F1,1,0.0,1,1,0,0,138,0
GTF2H4,1,0.0,1,1,0,0,94,0
GTF2I,1,0.0,1,1,0,0,201,0
GTF3C2,1,0.0,1,1,0,0,91,0
GTF3C3,1,0.0,1,1,0,0,115,0
GTF3C4,1,0.0,1,1,0,0,108,0
GTPBP1,1,0.0,1,1,0,0,72,0
GTPBP2,1,0.0,1,1,0,0,20,0
GTPBP4,1,0.0,1,1,0,0,246,0
GUCY1A3,1,0.0,1,1,0,0,17,0
GYPC,1,0.0,1,1,0,0,11,0
GYS2,1,0.0,1,1,0,0,12,0
H1F0,1,0.0,1,1,0,0,123,0
H2AFX,1,0.0,1,1,0,0,296,0
HABP4,1,0.0,1,1,0,0,108,0
HADHA,1,0.0,1,1,0,0,209,0
HADHB,1,0.0,1,1,0,0,197,0
HAGH,1,0.0,1,1,0,0,34,0
HAL,1,0.0,1,1,0,0,33,0
HAUS1,1,0.0,1,1,0,0,55,0
HAUS3,1,0.0,1,1,0,0,37,0
HAUS4,1,0.0,1,1,0,0,48,0
HBB,1,0.0,1,1,0,0,48,0
HBS1L,1,0.0,1,1,0,0,121,0
HCFC1,1,0.0,1,1,0,0,178,0
HDAC9,1,0.0,1,1,0,0,56,0
HDC,1,0.0,1,1,0,0,3,0
HDLBP,1,0.0,1,1,0,0,339,0
HECTD1,1,0.0,1,1,0,0,427,0
HECTD3,1,0.0,1,1,0,0,45,0
HECW1,1,0.0,1,1,0,0,18,0
HECW2,1,0.0,1,1,0,0,114,0
HELLS,1,0.0,1,1,0,0,100,0
HERC3,1,0.0,1,1,0,0,23,0
HERC5,1,0.0,1,1,0,0,135,0
HERC6,1,0.0,1,1,0,0,14,0
HEXIM1,1,0.0,1,1,0,0,439,0
HGS,1,0.0,1,1,0,0,159,0
HIF1AN,1,0.0,1,1,0,0,118,0
HILS1,1,0.0,1,1,0,0,1,0
HINFP,1,0.0,1,1,0,0,20,0
HINT3,1,0.0,1,1,0,0,9,0
HIST1H1C,1,0.0,1,1,0,0,271,0
HIST1H1D,1,0.0,1,1,0,0,140,0
HIST1H2AB,1,0.0,1,1,0,0,252,0
HIST1H2AE,1,0.0,1,1,0,0,72,0
HIST1H2AJ,1,0.0,1,1,0,0,61,0
HIST1H2BB,1,0.0,1,1,0,0,213,0
HIST1H2BL,1,0.0,1,1,0,0,89,0
HIST1H4A,1,0.0,1,1,0,0,755,0
HIST2H2BE,1,0.0,1,1,0,0,289,0
HIVEP1,1,0.0,1,1,0,0,68,0
HM13,1,0.0,1,1,0,0,54,0
HMX1,1,0.0,1,1,0,0,1,0
HN1L,1,0.0,1,1,0,0,30,0
HNRNPA0,1,0.0,1,1,0,0,167,0
HNRNPA1,1,0.0,1,1,0,0,416,0
HNRNPA2B1,1,0.0,1,1,0,0,335,0
HNRNPD,1,0.0,1,1,0,0,299,0
HNRNPF,1,0.0,1,1,0,0,264,0
HNRNPH1,1,0.0,1,1,0,0,455,0
HNRNPL,1,0.0,1,1,0,0,499,0
HNRNPM,1,0.0,1,1,0,0,337,0
HNRNPR,1,0.0,1,1,0,0,257,0
HNRNPUL1,1,0.0,1,1,0,0,184,0
HNRNPUL2,1,0.0,1,1,0,0,132,0
HOMER3,1,0.0,1,1,0,0,33,0
HOOK3,1,0.0,1,1,0,0,64,0
HOXA9,1,0.0,1,1,0,0,16,0
HOXD12,1,0.0,1,1,0,0,5,0
HP1BP3,1,0.0,1,1,0,0,165,0
HPCA,1,0.0,1,1,0,0,7,0
HPRT1,1,0.0,1,1,0,0,69,0
HR,1,0.0,1,1,0,0,12,0
HRNR,1,0.0,1,1,0,0,82,0
HSD17B3,1,0.0,1,1,0,0,13,0
HSD17B4,1,0.0,1,1,0,0,99,0
HSF1,1,0.0,1,1,0,0,326,0
HSF2,1,0.0,1,1,0,0,25,0
HSP90AB2P,1,0.0,1,1,0,0,65,0
HSP90B1,1,0.0,1,1,0,0,256,0
HSPA2,1,0.0,1,1,0,0,159,0
HSPA4L,1,0.0,1,1,0,0,125,0
HSPA6,1,0.0,1,1,0,0,159,0
HSPE1,1,0.0,1,1,0,0,121,0
HSPH1,1,0.0,1,1,0,0,209,0
HTATSF1,1,0.0,1,1,0,0,78,0
HTRA4,1,0.0,1,1,0,0,76,0
HYAL4,1,0.0,1,1,0,0,4,0
HYDIN,1,0.0,1,1,0,0,13,0
HYOU1,1,0.0,1,1,0,0,127,0
HYPK,1,0.0,1,1,0,0,47,0
IARS,1,0.0,1,1,0,0,179,0
IARS2,1,0.0,1,1,0,0,87,0
ICK,1,0.0,1,1,0,0,36,0
ID1,1,0.0,1,1,0,0,35,0
IDE,1,0.0,1,1,0,0,58,0
IDH3B,1,0.0,1,1,0,0,57,0
IFITM1,1,0.0,1,1,0,0,113,0
IFITM3,1,0.0,1,1,0,0,162,0
IFT172,1,0.0,1,1,0,0,16,0
IGF2BP1,1,0.0,1,1,0,0,226,0
IGF2BP3,1,0.0,1,1,0,0,259,0
IGHG2,1,0.0,1,1,0,0,40,0
IGHV1-2,1,0.0,1,1,0,0,2,0
IGJ,1,0.0,1,1,0,0,14,0
IGKV2-29,1,0.0,1,1,0,0,8,0
IKBKG,1,0.0,1,1,0,0,172,0
IKZF3,1,0.0,1,1,0,0,128,0
IL13RA2,1,0.0,1,1,0,0,38,0
IL1A,1,0.0,1,1,0,0,84,0
ILF3,1,0.0,1,1,0,0,420,0
IMP3,1,0.0,1,1,0,0,146,0
INADL,1,0.0,1,1,0,0,29,0
INCENP,1,0.0,1,1,0,0,63,0
INSIG1,1,0.0,1,1,0,0,59,0
IPO4,1,0.0,1,1,0,0,131,0
IQCG,1,0.0,1,1,0,0,5,0
IQGAP1,1,0.0,1,1,0,0,259,0
IRF7,1,0.0,1,1,0,0,76,0
IRS4,1,0.0,1,1,0,0,160,0
IRX1,1,0.0,1,1,0,0,2,0
ITGB7,1,0.0,1,1,0,0,19,0
ITPK1,1,0.0,1,1,0,0,16,0
ITPKC,1,0.0,1,1,0,0,11,0
JDP2,1,0.0,1,1,0,0,14,0
JMJD8,1,0.0,1,1,0,0,5,0
JUP,1,0.0,1,1,0,0,212,0
KANSL3,1,0.0,1,1,0,0,59,0
KAT7,1,0.0,1,1,0,0,95,0
KCNA5,1,0.0,1,1,0,0,15,0
KCNJ10,1,0.0,1,1,0,0,14,0
KCTD15,1,0.0,1,1,0,0,27,0
KCTD17,1,0.0,1,1,0,0,47,0
KDELC2,1,0.0,1,1,0,0,22,0
KDM2B,1,0.0,1,1,0,0,77,0
KDM4C,1,0.0,1,1,0,0,45,0
KDM4D,1,0.0,1,1,0,0,20,0
KDM5C,1,0.0,1,1,0,0,64,0
KHSRP,1,0.0,1,1,0,0,174,0
KIAA0087,1,0.0,1,1,0,0,1,0
KIAA0430,1,0.0,1,1,0,0,60,0
KIAA0907,1,0.0,1,1,0,0,24,0
KIAA1551,1,0.0,1,1,0,0,20,0
KIF11,1,0.0,1,1,0,0,177,0
KIF16B,1,0.0,1,1,0,0,25,0
KIF1C,1,0.0,1,1,0,0,32,0
KIF20A,1,0.0,1,1,0,0,407,0
KIF22,1,0.0,1,1,0,0,79,0
KIF2A,1,0.0,1,1,0,0,120,0
KIF2C,1,0.0,1,1,0,0,115,0
KIF5B,1,0.0,1,1,0,0,166,0
KIF5C,1,0.0,1,1,0,0,35,0
KIF9,1,0.0,1,1,0,0,13,0
KLF12,1,0.0,1,1,0,0,99,0
KLF9,1,0.0,1,1,0,0,46,0
KLHL10,1,0.0,1,1,0,0,23,0
KLHL15,1,0.0,1,1,0,0,25,0
KLHL4,1,0.0,1,1,0,0,12,0
KLHL40,1,0.0,1,1,0,0,24,0
KLRF1,1,0.0,1,1,0,0,3,0
KMT2E,1,0.0,1,1,0,0,58,0
KNTC1,1,0.0,1,1,0,0,45,0
KPNA4,1,0.0,1,1,0,0,126,0
KPNA6,1,0.0,1,1,0,0,93,0
KPNB1,1,0.0,1,1,0,0,282,0
KPRP,1,0.0,1,1,0,0,75,0
KRBA2,1,0.0,1,1,0,0,6,0
KRT1,1,0.0,1,1,0,0,105,0
KRT10,1,0.0,1,1,0,0,92,0
KRT14,1,0.0,1,1,0,0,92,0
KRT16,1,0.0,1,1,0,0,82,0
KRT17,1,0.0,1,1,0,0,135,0
KRT2,1,0.0,1,1,0,0,108,0
KRT35,1,0.0,1,1,0,0,25,0
KRT6B,1,0.0,1,1,0,0,62,0
KRT77,1,0.0,1,1,0,0,39,0
KRT78,1,0.0,1,1,0,0,45,0
KRT80,1,0.0,1,1,0,0,29,0
KRT9,1,0.0,1,1,0,0,82,0
L1RE1,1,0.0,1,1,0,0,23,0
LACTB,1,0.0,1,1,0,0,52,0
LAMA4,1,0.0,1,1,0,0,18,0
LAMP1,1,0.0,1,1,0,0,191,0
LAMP2,1,0.0,1,1,0,0,166,0
LAMTOR5,1,0.0,1,1,0,0,56,0
LAP3,1,0.0,1,1,0,0,38,0
LAPTM5,1,0.0,1,1,0,0,21,0
LARP7,1,0.0,1,1,0,0,485,0
LARS,1,0.0,1,1,0,0,162,0
LATS1,1,0.0,1,1,0,0,167,0
LBR,1,0.0,1,1,0,0,123,0
LCLAT1,1,0.0,1,1,0,0,17,0
LCN1,1,0.0,1,1,0,0,29,0
LDB3,1,0.0,1,1,0,0,8,0
LDHA,1,0.0,1,1,0,0,174,0
LDHAL6B,1,0.0,1,1,0,0,20,0
LDHB,1,0.0,1,1,0,0,143,0
LENG1,1,0.0,1,1,0,0,26,0
LEO1,1,0.0,1,1,0,0,147,0
LGI4,1,0.0,1,1,0,0,1,0
LGR6,1,0.0,1,1,0,0,5,0
LIG3,1,0.0,1,1,0,0,122,0
LIMA1,1,0.0,1,1,0,0,177,0
LIMS2,1,0.0,1,1,0,0,5,0
LIN54,1,0.0,1,1,0,0,41,0
LIN7C,1,0.0,1,1,0,0,34,0
LINC01194,1,0.0,1,1,0,0,3,0
LMBRD2,1,0.0,1,1,0,0,4,0
LMLN,1,0.0,1,1,0,0,10,0
LMNA,1,0.0,1,1,0,0,433,0
LMNB1,1,0.0,1,1,0,0,268,0
LMOD1,1,0.0,1,1,0,0,10,0
LNX1,1,0.0,1,1,0,0,119,0
LOC388882,1,0.0,1,1,0,0,9,0
LOC554223,1,0.0,1,1,0,0,4,0
LOC613037,1,0.0,1,1,0,0,3,0
LOH12CR1,1,0.0,1,1,0,0,15,0
LRIF1,1,0.0,1,1,0,0,95,0
LRIG1,1,0.0,1,1,0,0,22,0
LRP1,1,0.0,1,1,0,0,56,0
LRPAP1,1,0.0,1,1,0,0,63,0
LRPPRC,1,0.0,1,1,0,0,264,0
LRR1,1,0.0,1,1,0,0,27,0
LRRC15,1,0.0,1,1,0,0,25,0
LRRC27,1,0.0,1,1,0,0,7,0
LRRC31,1,0.0,1,1,0,0,99,0
LRRC59,1,0.0,1,1,0,0,295,0
LRWD1,1,0.0,1,1,0,0,65,0
LSG1,1,0.0,1,1,0,0,133,0
LSM12,1,0.0,1,1,0,0,81,0
LSM14A,1,0.0,1,1,0,0,109,0
LY6G5B,1,0.0,1,1,0,0,9,0
LYN,1,0.0,1,1,0,0,237,0
LYZ,1,0.0,1,1,0,0,52,0
LZTS2,1,0.0,1,1,0,0,159,0
MAD2L1BP,1,0.0,1,1,0,0,18,0
MAD2L2,1,0.0,1,1,0,0,122,0
MAFK,1,0.0,1,1,0,0,26,0
MAGEA1,1,0.0,1,1,0,0,28,0
MAGEA2,1,0.0,1,1,0,0,11,0
MAGEB18,1,0.0,1,1,0,0,5,0
MAGEB2,1,0.0,1,1,0,0,156,0
MAGI3,1,0.0,1,1,0,0,22,0
MAGT1,1,0.0,1,1,0,0,67,0
MAML1,1,0.0,1,1,0,0,46,0
MAP1LC3B,1,0.0,1,1,0,0,230,0
MAP2K5,1,0.0,1,1,0,0,71,0
MAP4,1,0.0,1,1,0,0,156,0
MAP4K4,1,0.0,1,1,0,0,84,0
MAP9,1,0.0,1,1,0,0,14,0
MAPK10,1,0.0,1,1,0,0,27,0
MAPK6,1,0.0,1,1,0,0,185,0
MAPK7,1,0.0,1,1,0,0,80,0
MAPK8IP3,1,0.0,1,1,0,0,24,0
MARS,1,0.0,1,1,0,0,144,0
MARVELD2,1,0.0,1,1,0,0,21,0
MATR3,1,0.0,1,1,0,0,305,0
MAVS,1,0.0,1,1,0,0,100,0
MAX,1,0.0,1,1,0,0,135,0
MB21D2,1,0.0,1,1,0,0,34,0
MBTD1,1,0.0,1,1,0,0,35,0
MCCC1,1,0.0,1,1,0,0,64,0
MCCC2,1,0.0,1,1,0,0,73,0
MCF2,1,0.0,1,1,0,0,11,0
MCM2,1,0.0,1,1,0,0,525,0
MCM3,1,0.0,1,1,0,0,215,0
MCM3AP,1,0.0,1,1,0,0,56,0
MCM5,1,0.0,1,1,0,0,258,0
MCM6,1,0.0,1,1,0,0,178,0
MCM7,1,0.0,1,1,0,0,240,0
MCM8,1,0.0,1,1,0,0,42,0
MCMBP,1,0.0,1,1,0,0,79,0
MCOLN2,1,0.0,1,1,0,0,4,0
MDH1,1,0.0,1,1,0,0,61,0
MECOM,1,0.0,1,1,0,0,189,0
MECP2,1,0.0,1,1,0,0,530,0
MED16,1,0.0,1,1,0,0,87,0
MED21,1,0.0,1,1,0,0,88,0
MED22,1,0.0,1,1,0,0,76,0
MED23,1,0.0,1,1,0,0,168,0
MED25,1,0.0,1,1,0,0,75,0
MED27,1,0.0,1,1,0,0,77,0
MED8,1,0.0,1,1,0,0,86,0
MEGF6,1,0.0,1,1,0,0,7,0
MEP1A,1,0.0,1,1,0,0,5,0
MEPCE,1,0.0,1,1,0,0,415,0
METTL3,1,0.0,1,1,0,0,189,0
MEX3A,1,0.0,1,1,0,0,128,0
MFAP4,1,0.0,1,1,0,0,20,0
MFSD1,1,0.0,1,1,0,0,4,0
MFSD12,1,0.0,1,1,0,0,7,0
MGA,1,0.0,1,1,0,0,112,0
MGEA5,1,0.0,1,1,0,0,57,0
MGST2,1,0.0,1,1,0,0,14,0
MIA2,1,0.0,1,1,0,0,6,0
MIB1,1,0.0,1,1,0,0,110,0
MIDN,1,0.0,1,1,0,0,291,0
MINK1,1,0.0,1,1,0,0,58,0
MIS18BP1,1,0.0,1,1,0,0,28,0
MKNK1,1,0.0,1,1,0,0,29,0
MKRN1,1,0.0,1,1,0,0,86,0
MKRN2,1,0.0,1,1,0,0,151,0
MLF2,1,0.0,1,1,0,0,71,0
MMRN1,1,0.0,1,1,0,0,9,0
MNAT1,1,0.0,1,1,0,0,102,0
MOB2,1,0.0,1,1,0,0,40,0
MOCS1,1,0.0,1,1,0,0,11,0
MOGS,1,0.0,1,1,0,0,94,0
MORC3,1,0.0,1,1,0,0,63,0
MORC4,1,0.0,1,1,0,0,31,0
MORN2,1,0.0,1,1,0,0,1,0
MPDU1,1,0.0,1,1,0,0,25,0
MPEG1,1,0.0,1,1,0,0,1,0
MPG,1,0.0,1,1,0,0,54,0
MPHOSPH6,1,0.0,1,1,0,0,40,0
MPP1,1,0.0,1,1,0,0,49,0
MRE11A,1,0.0,1,1,0,0,171,0
MRPL24,1,0.0,1,1,0,0,133,0
MRPL38,1,0.0,1,1,0,0,86,0
MRPL39,1,0.0,1,1,0,0,74,0
MRPL41,1,0.0,1,1,0,0,87,0
MRPS14,1,0.0,1,1,0,0,143,0
MRPS18B,1,0.0,1,1,0,0,112,0
MRPS2,1,0.0,1,1,0,0,149,0
MRPS22,1,0.0,1,1,0,0,122,0
MRPS23,1,0.0,1,1,0,0,115,0
MRPS25,1,0.0,1,1,0,0,102,0
MRPS27,1,0.0,1,1,0,0,135,0
MRPS28,1,0.0,1,1,0,0,86,0
MRPS5,1,0.0,1,1,0,0,181,0
MRPS9,1,0.0,1,1,0,0,173,0
MSI2,1,0.0,1,1,0,0,61,0
MSL2,1,0.0,1,1,0,0,40,0
MSN,1,0.0,1,1,0,0,155,0
MST1,1,0.0,1,1,0,0,6,0
MT1G,1,0.0,1,1,0,0,2,0
MTHFD1,1,0.0,1,1,0,0,152,0
MTHFSD,1,0.0,1,1,0,0,7,0
MTMR14,1,0.0,1,1,0,0,48,0
MTRF1,1,0.0,1,1,0,0,51,0
MUC2,1,0.0,1,1,0,0,6,0
MVP,1,0.0,1,1,0,0,66,0
MYADM,1,0.0,1,1,0,0,22,0
MYBPC1,1,0.0,1,1,0,0,9,0
MYH13,1,0.0,1,1,0,0,25,0
MYH4,1,0.0,1,1,0,0,26,0
MYH9,1,0.0,1,1,0,0,311,0
MYL6B,1,0.0,1,1,0,0,66,0
MYL9,1,0.0,1,1,0,0,52,0
MYLK,1,0.0,1,1,0,0,48,0
MYO16,1,0.0,1,1,0,0,3,0
MYO1C,1,0.0,1,1,0,0,177,0
MYO1D,1,0.0,1,1,0,0,94,0
MYO5B,1,0.0,1,1,0,0,35,0
MYO5C,1,0.0,1,1,0,0,52,0
MYO6,1,0.0,1,1,0,0,172,0
MYO9A,1,0.0,1,1,0,0,36,0
MYOT,1,0.0,1,1,0,0,7,0
MZT2B,1,0.0,1,1,0,0,27,0
NAA40,1,0.0,1,1,0,0,461,0
NAB1,1,0.0,1,1,0,0,17,0
NABP1,1,0.0,1,1,0,0,11,0
NABP2,1,0.0,1,1,0,0,35,0
NADSYN1,1,0.0,1,1,0,0,23,0
NAP1L1,1,0.0,1,1,0,0,195,0
NARFL,1,0.0,1,1,0,0,15,0
NAT10,1,0.0,1,1,0,0,217,0
NBR1,1,0.0,1,1,0,0,147,0
NCAPD3,1,0.0,1,1,0,0,77,0
NCAPH,1,0.0,1,1,0,0,198,0
NCF1,1,0.0,1,1,0,0,53,0
NCOA2,1,0.0,1,1,0,0,63,0
NCOA3,1,0.0,1,1,0,0,122,0
NCOR2,1,0.0,1,1,0,0,157,0
ND5,1,0.0,1,1,0,0,13,0
NDE1,1,0.0,1,1,0,0,47,0
NDRG4,1,0.0,1,1,0,0,11,0
NDUFA11,1,0.0,1,1,0,0,14,0
NDUFV3,1,0.0,1,1,0,0,35,0
NEDD1,1,0.0,1,1,0,0,111,0
NEIL3,1,0.0,1,1,0,0,59,0
NEK9,1,0.0,1,1,0,0,52,0
NELFA,1,0.0,1,1,0,0,52,0
NELFCD,1,0.0,1,1,0,0,67,0
NES,1,0.0,1,1,0,0,70,0
NEURL1,1,0.0,1,1,0,0,7,0
NEURL4,1,0.0,1,1,0,0,41,0
NEUROG2,1,0.0,1,1,0,0,6,0
NFATC1,1,0.0,1,1,0,0,93,0
NFATC2IP,1,0.0,1,1,0,0,32,0
NFATC3,1,0.0,1,1,0,0,35,0
NFKB2,1,0.0,1,1,0,0,68,0
NFRKB,1,0.0,1,1,0,0,46,0
NFXL1,1,0.0,1,1,0,0,38,0
NGFR,1,0.0,1,1,0,0,41,0
NHLRC2,1,0.0,1,1,0,0,127,0
NHSL1,1,0.0,1,1,0,0,22,0
NIM1K,1,0.0,1,1,0,0,6,0
NIN,1,0.0,1,1,0,0,127,0
NINL,1,0.0,1,1,0,0,171,0
NKAIN4,1,0.0,1,1,0,0,1,0
NKG7,1,0.0,1,1,0,0,7,0
NKRF,1,0.0,1,1,0,0,142,0
NLK,1,0.0,1,1,0,0,34,0
NME4,1,0.0,1,1,0,0,46,0
NMNAT1,1,0.0,1,1,0,0,61,0
NMT1,1,0.0,1,1,0,0,70,0
NMT2,1,0.0,1,1,0,0,32,0
NNT,1,0.0,1,1,0,0,67,0
NOC3L,1,0.0,1,1,0,0,142,0
NOL10,1,0.0,1,1,0,0,129,0
NOL9,1,0.0,1,1,0,0,86,0
NOMO1,1,0.0,1,1,0,0,40,0
NOMO2,1,0.0,1,1,0,0,24,0
NONO,1,0.0,1,1,0,0,253,0
NOP2,1,0.0,1,1,0,0,238,0
NOP56,1,0.0,1,1,0,0,324,0
NOSIP,1,0.0,1,1,0,0,49,0
NOTCH4,1,0.0,1,1,0,0,19,0
NPAS3,1,0.0,1,1,0,0,3,0
NPEPPS,1,0.0,1,1,0,0,85,0
NPLOC4,1,0.0,1,1,0,0,85,0
NPRL3,1,0.0,1,1,0,0,35,0
NR1I2,1,0.0,1,1,0,0,34,0
NR3C2,1,0.0,1,1,0,0,28,0
NRD1,1,0.0,1,1,0,0,38,0
NRIP1,1,0.0,1,1,0,0,76,0
NRON,1,0.0,1,1,0,0,8,0
NRP1,1,0.0,1,1,0,0,89,0
NSMF,1,0.0,1,1,0,0,11,0
NT5C3A,1,0.0,1,1,0,0,22,0
NTHL1,1,0.0,1,1,0,0,40,0
NTSR2,1,0.0,1,1,0,0,3,0
NUB1,1,0.0,1,1,0,0,36,0
NUDCD3,1,0.0,1,1,0,0,48,0
NUFIP2,1,0.0,1,1,0,0,162,0
NUMA1,1,0.0,1,1,0,0,250,0
NUP107,1,0.0,1,1,0,0,112,0
NUP133,1,0.0,1,1,0,0,93,0
NUP155,1,0.0,1,1,0,0,164,0
NUP160,1,0.0,1,1,0,0,75,0
NUP43,1,0.0,1,1,0,0,261,0
NUP88,1,0.0,1,1,0,0,72,0
NUP93,1,0.0,1,1,0,0,137,0
NUP98,1,0.0,1,1,0,0,101,0
NXF1,1,0.0,1,1,0,0,436,0
OAS2,1,0.0,1,1,0,0,17,0
OCRL,1,0.0,1,1,0,0,65,0
OFD1,1,0.0,1,1,0,0,123,0
OGDH,1,0.0,1,1,0,0,80,0
OGN,1,0.0,1,1,0,0,4,0
OGT,1,0.0,1,1,0,0,390,0
OLA1,1,0.0,1,1,0,0,79,0
OLIG2,1,0.0,1,1,0,0,11,0
OPRD1,1,0.0,1,1,0,0,10,0
OR2L5,1,0.0,1,1,0,0,1,0
OR51M1,1,0.0,1,1,0,0,2,0
OR6C75,1,0.0,1,1,0,0,1,0
OR8G2,1,0.0,1,1,0,0,1,0
ORC1,1,0.0,1,1,0,0,65,0
ORC2,1,0.0,1,1,0,0,65,0
ORC3,1,0.0,1,1,0,0,64,0
OSBP,1,0.0,1,1,0,0,50,0
OSBPL11,1,0.0,1,1,0,0,39,0
OSBPL9,1,0.0,1,1,0,0,32,0
OTUD1,1,0.0,1,1,0,0,105,0
OTUD3,1,0.0,1,1,0,0,41,0
OTUD5,1,0.0,1,1,0,0,37,0
OTULIN,1,0.0,1,1,0,0,69,0
P3H1,1,0.0,1,1,0,0,45,0
P3H2,1,0.0,1,1,0,0,9,0
PABPC1,1,0.0,1,1,0,0,362,0
PABPC3,1,0.0,1,1,0,0,40,0
PABPC4,1,0.0,1,1,0,0,233,0
PACRG,1,0.0,1,1,0,0,24,0
PACS1,1,0.0,1,1,0,0,16,0
PADI1,1,0.0,1,1,0,0,3,0
PAF1,1,0.0,1,1,0,0,150,0
PAFAH1B3,1,0.0,1,1,0,0,34,0
PAK4,1,0.0,1,1,0,0,58,0
PAK7,1,0.0,1,1,0,0,41,0
PALLD,1,0.0,1,1,0,0,63,0
PAN2,1,0.0,1,1,0,0,223,0
PAN3,1,0.0,1,1,0,0,30,0
PAPOLA,1,0.0,1,1,0,0,58,0
PAPOLG,1,0.0,1,1,0,0,19,0
PARK2,1,0.0,1,1,0,0,1171,0
PARN,1,0.0,1,1,0,0,83,0
PAXIP1,1,0.0,1,1,0,0,177,0
PC,1,0.0,1,1,0,0,100,0
PCBP1,1,0.0,1,1,0,0,356,0
PCBP2,1,0.0,1,1,0,0,166,0
PCCA,1,0.0,1,1,0,0,48,0
PCCB,1,0.0,1,1,0,0,57,0
PCDHA4,1,0.0,1,1,0,0,11,0
PCGF1,1,0.0,1,1,0,0,90,0
PCID2,1,0.0,1,1,0,0,63,0
PCMT1,1,0.0,1,1,0,0,111,0
PDAP1,1,0.0,1,1,0,0,50,0
PDCD11,1,0.0,1,1,0,0,222,0
PDCD5,1,0.0,1,1,0,0,58,0
PDCD6,1,0.0,1,1,0,0,106,0
PDE12,1,0.0,1,1,0,0,41,0
PDHA1,1,0.0,1,1,0,0,247,0
PDIA4,1,0.0,1,1,0,0,158,0
PDIA5,1,0.0,1,1,0,0,26,0
PDLIM7,1,0.0,1,1,0,0,98,0
PDPR,1,0.0,1,1,0,0,22,0
PDXK,1,0.0,1,1,0,0,33,0
PDXP,1,0.0,1,1,0,0,17,0
PDZD4,1,0.0,1,1,0,0,5,0
PECR,1,0.0,1,1,0,0,10,0
PEF1,1,0.0,1,1,0,0,53,0
PELI1,1,0.0,1,1,0,0,35,0
PELI2,1,0.0,1,1,0,0,20,0
PELO,1,0.0,1,1,0,0,138,0
PES1,1,0.0,1,1,0,0,201,0
PFAS,1,0.0,1,1,0,0,77,0
PFDN1,1,0.0,1,1,0,0,63,0
PFKM,1,0.0,1,1,0,0,89,0
PGAM2,1,0.0,1,1,0,0,26,0
PGLYRP4,1,0.0,1,1,0,0,1,0
PGM3,1,0.0,1,1,0,0,31,0
PHC1,1,0.0,1,1,0,0,59,0
PHKA2,1,0.0,1,1,0,0,28,0
PHKB,1,0.0,1,1,0,0,26,0
PHKG2,1,0.0,1,1,0,0,40,0
PHYH,1,0.0,1,1,0,0,11,0
PIAS3,1,0.0,1,1,0,0,47,0
PIK3C3,1,0.0,1,1,0,0,67,0
PIM3,1,0.0,1,1,0,0,33,0
PIP,1,0.0,1,1,0,0,88,0
PIP4K2C,1,0.0,1,1,0,0,70,0
PIP5K1C,1,0.0,1,1,0,0,34,0
PIPOX,1,0.0,1,1,0,0,5,0
PIWIL1,1,0.0,1,1,0,0,12,0
PKIA,1,0.0,1,1,0,0,4,0
PLA2G12A,1,0.0,1,1,0,0,13,0
PLA2G4A,1,0.0,1,1,0,0,38,0
PLAA,1,0.0,1,1,0,0,40,0
PLAC8,1,0.0,1,1,0,0,5,0
PLCB4,1,0.0,1,1,0,0,23,0
PLCE1,1,0.0,1,1,0,0,23,0
PLCG1,1,0.0,1,1,0,0,112,0
PLCG2,1,0.0,1,1,0,0,61,0
PLCH2,1,0.0,1,1,0,0,9,0
PLD1,1,0.0,1,1,0,0,43,0
PLEC,1,0.0,1,1,0,0,176,0
PLEKHA4,1,0.0,1,1,0,0,1021,0
PLG,1,0.0,1,1,0,0,39,0
PLOD3,1,0.0,1,1,0,0,50,0
PNISR,1,0.0,1,1,0,0,31,0
PNLDC1,1,0.0,1,1,0,0,2,0
PNP,1,0.0,1,1,0,0,43,0
POGLUT1,1,0.0,1,1,0,0,18,0
POLA1,1,0.0,1,1,0,0,79,0
POLD1,1,0.0,1,1,0,0,209,0
POLD3,1,0.0,1,1,0,0,46,0
POLDIP2,1,0.0,1,1,0,0,70,0
POLDIP3,1,0.0,1,1,0,0,110,0
POLR1D,1,0.0,1,1,0,0,54,0
POLR2A,1,0.0,1,1,0,0,296,0
POLR2B,1,0.0,1,1,0,0,244,0
POLR2C,1,0.0,1,1,0,0,229,0
POLR3B,1,0.0,1,1,0,0,95,0
POLR3C,1,0.0,1,1,0,0,49,0
POLRMT,1,0.0,1,1,0,0,82,0
POMP,1,0.0,1,1,0,0,18,0
POP1,1,0.0,1,1,0,0,149,0
PPA1,1,0.0,1,1,0,0,87,0
PPFIBP1,1,0.0,1,1,0,0,59,0
PPIB,1,0.0,1,1,0,0,130,0
PPIL2,1,0.0,1,1,0,0,54,0
PPM1B,1,0.0,1,1,0,0,91,0
PPM1G,1,0.0,1,1,0,0,140,0
PPP1CA,1,0.0,1,1,0,0,281,0
PPP1CC,1,0.0,1,1,0,0,350,0
PPP1R10,1,0.0,1,1,0,0,92,0
PPP1R12A,1,0.0,1,1,0,0,162,0
PPP2R3C,1,0.0,1,1,0,0,25,0
PPP3CA,1,0.0,1,1,0,0,67,0
PPP3R1,1,0.0,1,1,0,0,22,0
PPP4C,1,0.0,1,1,0,0,73,0
PPWD1,1,0.0,1,1,0,0,43,0
PQBP1,1,0.0,1,1,0,0,52,0
PRAM1,1,0.0,1,1,0,0,20,0
PRAME,1,0.0,1,1,0,0,36,0
PRDM11,1,0.0,1,1,0,0,9,0
PRDM2,1,0.0,1,1,0,0,26,0
PRDX2,1,0.0,1,1,0,0,145,0
PRDX3,1,0.0,1,1,0,0,141,0
PRDX6,1,0.0,1,1,0,0,120,0
PRKCI,1,0.0,1,1,0,0,148,0
PRKCSH,1,0.0,1,1,0,0,89,0
PRKD1,1,0.0,1,1,0,0,84,0
PRKD3,1,0.0,1,1,0,0,25,0
PRKRIR,1,0.0,1,1,0,0,37,0
PRMT3,1,0.0,1,1,0,0,57,0
PRMT7,1,0.0,1,1,0,0,26,0
PRNP,1,0.0,1,1,0,0,322,0
PRO1596,1,0.0,1,1,0,0,1,0
PROSC,1,0.0,1,1,0,0,35,0
PROSER1,1,0.0,1,1,0,0,14,0
PRPF3,1,0.0,1,1,0,0,127,0
PRPF6,1,0.0,1,1,0,0,184,0
PRPF8,1,0.0,1,1,0,0,434,0
PRR11,1,0.0,1,1,0,0,51,0
PRRC2A,1,0.0,1,1,0,0,164,0
PRRC2B,1,0.0,1,1,0,0,117,0
PRRC2C,1,0.0,1,1,0,0,143,0
PRY2,1,0.0,1,1,0,0,4,0
PSD3,1,0.0,1,1,0,0,22,0
PSMA1,1,0.0,1,1,0,0,180,0
PSMA3,1,0.0,1,1,0,0,202,0
PSMB3,1,0.0,1,1,0,0,92,0
PSMB4,1,0.0,1,1,0,0,101,0
PSMB6,1,0.0,1,1,0,0,116,0
PSMC3,1,0.0,1,1,0,0,189,0
PSMC4,1,0.0,1,1,0,0,168,0
PSMD1,1,0.0,1,1,0,0,213,0
PSMD11,1,0.0,1,1,0,0,170,0
PSMD6,1,0.0,1,1,0,0,163,0
PSMD7,1,0.0,1,1,0,0,128,0
PSPC1,1,0.0,1,1,0,0,262,0
PTCD1,1,0.0,1,1,0,0,41,0
PTCD3,1,0.0,1,1,0,0,137,0
PTCHD3,1,0.0,1,1,0,0,6,0
PTDSS2,1,0.0,1,1,0,0,15,0
PTGES3,1,0.0,1,1,0,0,192,0
PTH,1,0.0,1,1,0,0,11,0
PTK6,1,0.0,1,1,0,0,59,0
PTPLAD1,1,0.0,1,1,0,0,103,0
PTPLB,1,0.0,1,1,0,0,21,0
PTPRF,1,0.0,1,1,0,0,62,0
PTPRU,1,0.0,1,1,0,0,24,0
PTTG1IP,1,0.0,1,1,0,0,18,0
PTX3,1,0.0,1,1,0,0,14,0
PUM2,1,0.0,1,1,0,0,44,0
PURG,1,0.0,1,1,0,0,83,0
PUS7L,1,0.0,1,1,0,0,14,0
PVR,1,0.0,1,1,0,0,21,0
PVRIG,1,0.0,1,1,0,0,8,0
PWP1,1,0.0,1,1,0,0,141,0
PWP2,1,0.0,1,1,0,0,127,0
PWWP2A,1,0.0,1,1,0,0,27,0
PXK,1,0.0,1,1,0,0,21,0
PXN,1,0.0,1,1,0,0,127,0
PYGL,1,0.0,1,1,0,0,67,0
PYHIN1,1,0.0,1,1,0,0,180,0
RAB4A,1,0.0,1,1,0,0,118,0
RAB7A,1,0.0,1,1,0,0,203,0
RABEP1,1,0.0,1,1,0,0,62,0
RABL6,1,0.0,1,1,0,0,47,0
RAD18,1,0.0,1,1,0,0,238,0
RAD23A,1,0.0,1,1,0,0,111,0
RAD54L2,1,0.0,1,1,0,0,41,0
RAE1,1,0.0,1,1,0,0,125,0
RAF1,1,0.0,1,1,0,0,680,0
RAG1,1,0.0,1,1,0,0,27,0
RAN,1,0.0,1,1,0,0,227,0
RANBP9,1,0.0,1,1,0,0,197,0
RANGAP1,1,0.0,1,1,0,0,157,0
RAP1B,1,0.0,1,1,0,0,63,0
RAP1GAP,1,0.0,1,1,0,0,23,0
RAP2C,1,0.0,1,1,0,0,27,0
RAPSN,1,0.0,1,1,0,0,14,0
RAVER1,1,0.0,1,1,0,0,69,0
RBBP7,1,0.0,1,1,0,0,279,0
RBBP8,1,0.0,1,1,0,0,99,0
RBCK1,1,0.0,1,1,0,0,286,0
RBM10,1,0.0,1,1,0,0,132,0
RBM11,1,0.0,1,1,0,0,69,0
RBM14,1,0.0,1,1,0,0,255,0
RBM15,1,0.0,1,1,0,0,111,0
RBM20,1,0.0,1,1,0,0,21,0
RBM22,1,0.0,1,1,0,0,90,0
RBM28,1,0.0,1,1,0,0,181,0
RBM3,1,0.0,1,1,0,0,66,0
RBM33,1,0.0,1,1,0,0,55,0
RBM39,1,0.0,1,1,0,0,514,0
RBM6,1,0.0,1,1,0,0,61,0
RBSN,1,0.0,1,1,0,0,26,0
RCC1,1,0.0,1,1,0,0,117,0
RCC2,1,0.0,1,1,0,0,126,0
RCN2,1,0.0,1,1,0,0,111,0
RDH13,1,0.0,1,1,0,0,19,0
RDX,1,0.0,1,1,0,0,120,0
RECQL,1,0.0,1,1,0,0,125,0
RECQL5,1,0.0,1,1,0,0,59,0
RETNLB,1,0.0,1,1,0,0,13,0
REV1,1,0.0,1,1,0,0,33,0
RFC1,1,0.0,1,1,0,0,139,0
RFC3,1,0.0,1,1,0,0,130,0
RFC4,1,0.0,1,1,0,0,183,0
RFPL3,1,0.0,1,1,0,0,6,0
RFT1,1,0.0,1,1,0,0,16,0
RFWD2,1,0.0,1,1,0,0,171,0
RFWD3,1,0.0,1,1,0,0,45,0
RGAG4,1,0.0,1,1,0,0,2,0
RHAG,1,0.0,1,1,0,0,7,0
RHOG,1,0.0,1,1,0,0,214,0
RIMBP2,1,0.0,1,1,0,0,3,0
RIPK4,1,0.0,1,1,0,0,179,0
RIT1,1,0.0,1,1,0,0,433,0
RMDN1,1,0.0,1,1,0,0,18,0
RMI1,1,0.0,1,1,0,0,39,0
RNASE4,1,0.0,1,1,0,0,3,0
RNASEH2A,1,0.0,1,1,0,0,41,0
RNASEL,1,0.0,1,1,0,0,20,0
RNF125,1,0.0,1,1,0,0,19,0
RNF126,1,0.0,1,1,0,0,69,0
RNF128,1,0.0,1,1,0,0,21,0
RNF138,1,0.0,1,1,0,0,41,0
RNF157,1,0.0,1,1,0,0,13,0
RNF187,1,0.0,1,1,0,0,12,0
RNF19A,1,0.0,1,1,0,0,6,0
RNF219,1,0.0,1,1,0,0,61,0
RNF220,1,0.0,1,1,0,0,18,0
RNF31,1,0.0,1,1,0,0,183,0
RNF34,1,0.0,1,1,0,0,24,0
RNF38,1,0.0,1,1,0,0,51,0
RNF39,1,0.0,1,1,0,0,3,0
RNF43,1,0.0,1,1,0,0,169,0
RNF6,1,0.0,1,1,0,0,27,0
RNF8,1,0.0,1,1,0,0,244,0
RNGTT,1,0.0,1,1,0,0,62,0
ROCK1,1,0.0,1,1,0,0,92,0
RORC,1,0.0,1,1,0,0,32,0
RPA3,1,0.0,1,1,0,0,1089,0
RPA4,1,0.0,1,1,0,0,229,0
RPGRIP1L,1,0.0,1,1,0,0,71,0
RPL10A,1,0.0,1,1,0,0,304,0
RPL10L,1,0.0,1,1,0,0,117,0
RPL12,1,0.0,1,1,0,0,275,0
RPL13,1,0.0,1,1,0,0,354,0
RPL13AP3,1,0.0,1,1,0,0,18,0
RPL14,1,0.0,1,1,0,0,305,0
RPL15,1,0.0,1,1,0,0,302,0
RPL17,1,0.0,1,1,0,0,302,0
RPL18,1,0.0,1,1,0,0,304,0
RPL18A,1,0.0,1,1,0,0,276,0
RPL19,1,0.0,1,1,0,0,314,0
RPL21,1,0.0,1,1,0,0,254,0
RPL23,1,0.0,1,1,0,0,304,0
RPL23A,1,0.0,1,1,0,0,345,0
RPL24,1,0.0,1,1,0,0,258,0
RPL26L1,1,0.0,1,1,0,0,227,0
RPL27,1,0.0,1,1,0,0,288,0
RPL27A,1,0.0,1,1,0,0,276,0
RPL27AP6,1,0.0,1,1,0,0,2,0
RPL28,1,0.0,1,1,0,0,270,0
RPL29,1,0.0,1,1,0,0,203,0
RPL29P11,1,0.0,1,1,0,0,2,0
RPL3,1,0.0,1,1,0,0,360,0
RPL30,1,0.0,1,1,0,0,291,0
RPL31,1,0.0,1,1,0,0,348,0
RPL36P14,1,0.0,1,1,0,0,1,0
RPL37A,1,0.0,1,1,0,0,243,0
RPL38,1,0.0,1,1,0,0,223,0
RPL4,1,0.0,1,1,0,0,390,0
RPL6,1,0.0,1,1,0,0,340,0
RPL7,1,0.0,1,1,0,0,310,0
RPL7A,1,0.0,1,1,0,0,346,0
RPL8,1,0.0,1,1,0,0,322,0
RPLP1,1,0.0,1,1,0,0,203,0
RPLP2,1,0.0,1,1,0,0,232,0
RPN1,1,0.0,1,1,0,0,265,0
RPN2,1,0.0,1,1,0,0,245,0
RPRD1A,1,0.0,1,1,0,0,56,0
RPRD1B,1,0.0,1,1,0,0,93,0
RPS10,1,0.0,1,1,0,0,318,0
RPS13,1,0.0,1,1,0,0,295,0
RPS14,1,0.0,1,1,0,0,321,0
RPS15,1,0.0,1,1,0,0,255,0
RPS15P2,1,0.0,1,1,0,0,1,0
RPS16,1,0.0,1,1,0,0,385,0
RPS17,1,0.0,1,1,0,0,240,0
RPS18,1,0.0,1,1,0,0,290,0
RPS2,1,0.0,1,1,0,0,367,0
RPS24,1,0.0,1,1,0,0,311,0
RPS25,1,0.0,1,1,0,0,254,0
RPS26,1,0.0,1,1,0,0,227,0
RPS3A,1,0.0,1,1,0,0,373,0
RPS4X,1,0.0,1,1,0,0,324,0
RPS6KA1,1,0.0,1,1,0,0,91,0
RPS6KA2,1,0.0,1,1,0,0,61,0
RPS6KA3,1,0.0,1,1,0,0,91,0
RPS7,1,0.0,1,1,0,0,292,0
RPS8,1,0.0,1,1,0,0,341,0
RPS9,1,0.0,1,1,0,0,329,0
RPUSD1,1,0.0,1,1,0,0,4,0
RPUSD4,1,0.0,1,1,0,0,57,0
RRAD,1,0.0,1,1,0,0,9,0
RREB1,1,0.0,1,1,0,0,39,0
RRP1B,1,0.0,1,1,0,0,198,0
RSBN1,1,0.0,1,1,0,0,73,0
RSF1,1,0.0,1,1,0,0,80,0
RSL1D1,1,0.0,1,1,0,0,257,0
RTN3,1,0.0,1,1,0,0,57,0
RTN4,1,0.0,1,1,0,0,102,0
RTN4IP1,1,0.0,1,1,0,0,19,0
RUNDC1,1,0.0,1,1,0,0,5,0
RUVBL2,1,0.0,1,1,0,0,358,0
RYBP,1,0.0,1,1,0,0,99,0
RYK,1,0.0,1,1,0,0,57,0
S100A8,1,0.0,1,1,0,0,91,0
SACM1L,1,0.0,1,1,0,0,46,0
SACS,1,0.0,1,1,0,0,28,0
SAFB,1,0.0,1,1,0,0,131,0
SAFB2,1,0.0,1,1,0,0,105,0
SALL1,1,0.0,1,1,0,0,52,0
SALL2,1,0.0,1,1,0,0,42,0
SAMD7,1,0.0,1,1,0,0,3,0
SARS,1,0.0,1,1,0,0,62,0
SART1,1,0.0,1,1,0,0,171,0
SART3,1,0.0,1,1,0,0,254,0
SAT1,1,0.0,1,1,0,0,32,0
SATB1,1,0.0,1,1,0,0,61,0
SATB2,1,0.0,1,1,0,0,69,0
SATL1,1,0.0,1,1,0,0,1,0
SBDS,1,0.0,1,1,0,0,89,0
SBF2,1,0.0,1,1,0,0,17,0
SBNO1,1,0.0,1,1,0,0,44,0
SBSN,1,0.0,1,1,0,0,34,0
SCAMP1,1,0.0,1,1,0,0,42,0
SCAMP2,1,0.0,1,1,0,0,23,0
SCAMP3,1,0.0,1,1,0,0,65,0
SCAMP4,1,0.0,1,1,0,0,6,0
SCARF2,1,0.0,1,1,0,0,7,0
SCLY,1,0.0,1,1,0,0,14,0
SCN3B,1,0.0,1,1,0,0,33,0
SCP2,1,0.0,1,1,0,0,33,0
SCYL2,1,0.0,1,1,0,0,82,0
SDCCAG3,1,0.0,1,1,0,0,89,0
SDHA,1,0.0,1,1,0,0,176,0
SDPR,1,0.0,1,1,0,0,31,0
SEC13,1,0.0,1,1,0,0,108,0
SEC14L5,1,0.0,1,1,0,0,3,0
SEC23A,1,0.0,1,1,0,0,114,0
SEC24A,1,0.0,1,1,0,0,81,0
SEC24C,1,0.0,1,1,0,0,98,0
SEC24D,1,0.0,1,1,0,0,25,0
SEC31A,1,0.0,1,1,0,0,96,0
SEC61A1,1,0.0,1,1,0,0,183,0
SEC63,1,0.0,1,1,0,0,95,0
SEL1L,1,0.0,1,1,0,0,44,0
SENP1,1,0.0,1,1,0,0,64,0
SENP3,1,0.0,1,1,0,0,181,0
SENP5,1,0.0,1,1,0,0,18,0
SENP6,1,0.0,1,1,0,0,29,0
SEPHS1,1,0.0,1,1,0,0,26,0
SEPT9,1,0.0,1,1,0,0,114,0
SERBP1,1,0.0,1,1,0,0,630,0
SERINC1,1,0.0,1,1,0,0,12,0
SERPINA9,1,0.0,1,1,0,0,1,0
SERPINB12,1,0.0,1,1,0,0,70,0
SERPINB9,1,0.0,1,1,0,0,23,0
SERPINH1,1,0.0,1,1,0,0,130,0
SETD1B,1,0.0,1,1,0,0,59,0
SETD4,1,0.0,1,1,0,0,12,0
SETD8,1,0.0,1,1,0,0,48,0
SETDB1,1,0.0,1,1,0,0,112,0
SETX,1,0.0,1,1,0,0,65,0
SF3A1,1,0.0,1,1,0,0,201,0
SF3A2,1,0.0,1,1,0,0,126,0
SF3B1,1,0.0,1,1,0,0,245,0
SF3B2,1,0.0,1,1,0,0,224,0
SF3B3,1,0.0,1,1,0,0,225,0
SFPQ,1,0.0,1,1,0,0,255,0
SGOL1,1,0.0,1,1,0,0,40,0
SH3PXD2B,1,0.0,1,1,0,0,20,0
SHANK3,1,0.0,1,1,0,0,67,0
SIN3B,1,0.0,1,1,0,0,71,0
SIPA1L2,1,0.0,1,1,0,0,61,0
SIVA1,1,0.0,1,1,0,0,15,0
SKI,1,0.0,1,1,0,0,96,0
SKIV2L2,1,0.0,1,1,0,0,132,0
SLAIN2,1,0.0,1,1,0,0,53,0
SLAMF1,1,0.0,1,1,0,0,28,0
SLC16A1,1,0.0,1,1,0,0,94,0
SLC1A5,1,0.0,1,1,0,0,98,0
SLC25A10,1,0.0,1,1,0,0,76,0
SLC25A13,1,0.0,1,1,0,0,142,0
SLC25A3,1,0.0,1,1,0,0,192,0
SLC25A34,1,0.0,1,1,0,0,2,0
SLC25A5,1,0.0,1,1,0,0,231,0
SLC25A6,1,0.0,1,1,0,0,176,0
SLC26A6,1,0.0,1,1,0,0,13,0
SLC29A1,1,0.0,1,1,0,0,24,0
SLC2A12,1,0.0,1,1,0,0,11,0
SLC35B2,1,0.0,1,1,0,0,24,0
SLC35F2,1,0.0,1,1,0,0,21,0
SLC38A1,1,0.0,1,1,0,0,41,0
SLC38A10,1,0.0,1,1,0,0,12,0
SLC38A2,1,0.0,1,1,0,0,37,0
SLC39A14,1,0.0,1,1,0,0,32,0
SLC3A2,1,0.0,1,1,0,0,137,0
SLC5A6,1,0.0,1,1,0,0,14,0
SLC5A7,1,0.0,1,1,0,0,2,0
SLC6A15,1,0.0,1,1,0,0,38,0
SLC7A1,1,0.0,1,1,0,0,45,0
SLC7A2,1,0.0,1,1,0,0,16,0
SLC7A5,1,0.0,1,1,0,0,77,0
SLC9A9,1,0.0,1,1,0,0,7,0
SLFN11,1,0.0,1,1,0,0,193,0
SLFN5,1,0.0,1,1,0,0,14,0
SLX4,1,0.0,1,1,0,0,351,0
SLX4IP,1,0.0,1,1,0,0,27,0
SMAD1,1,0.0,1,1,0,0,84,0
SMAD7,1,0.0,1,1,0,0,60,0
SMARCA1,1,0.0,1,1,0,0,102,0
SMARCA5,1,0.0,1,1,0,0,252,0
SMARCAD1,1,0.0,1,1,0,0,99,0
SMARCC1,1,0.0,1,1,0,0,205,0
SMARCD2,1,0.0,1,1,0,0,83,0
SMARCD3,1,0.0,1,1,0,0,39,0
SMC5,1,0.0,1,1,0,0,453,0
SMG5,1,0.0,1,1,0,0,39,0
SMG7,1,0.0,1,1,0,0,160,0
SMTN,1,0.0,1,1,0,0,25,0
SMURF1,1,0.0,1,1,0,0,257,0
SMYD3,1,0.0,1,1,0,0,30,0
SND1,1,0.0,1,1,0,0,183,0
SNRNP70,1,0.0,1,1,0,0,433,0
SNRPA1,1,0.0,1,1,0,0,138,0
SNRPD3,1,0.0,1,1,0,0,196,0
SNRPN,1,0.0,1,1,0,0,86,0
SNW1,1,0.0,1,1,0,0,346,0
SNX12,1,0.0,1,1,0,0,18,0
SNX2,1,0.0,1,1,0,0,72,0
SNX5,1,0.0,1,1,0,0,44,0
SOAT1,1,0.0,1,1,0,0,101,0
SOS2,1,0.0,1,1,0,0,28,0
SOX13,1,0.0,1,1,0,0,13,0
SOX15,1,0.0,1,1,0,0,72,0
SOX4,1,0.0,1,1,0,0,48,0
SP110,1,0.0,1,1,0,0,54,0
SP3,1,0.0,1,1,0,0,33,0
SPAG9,1,0.0,1,1,0,0,121,0
SPATA1,1,0.0,1,1,0,0,9,0
SPATA31A1,1,0.0,1,1,0,0,1,0
SPATA6L,1,0.0,1,1,0,0,2,0
SPCS1,1,0.0,1,1,0,0,36,0
SPCS2,1,0.0,1,1,0,0,47,0
SPEN,1,0.0,1,1,0,0,68,0
SPESP1,1,0.0,1,1,0,0,2,0
SPICE1,1,0.0,1,1,0,0,60,0
SPIN1,1,0.0,1,1,0,0,54,0
SPNS1,1,0.0,1,1,0,0,19,0
SPRTN,1,0.0,1,1,0,0,276,0
SPSB1,1,0.0,1,1,0,0,13,0
SPTA1,1,0.0,1,1,0,0,48,0
SPTAN1,1,0.0,1,1,0,0,228,0
SPTBN1,1,0.0,1,1,0,0,181,0
SRCAP,1,0.0,1,1,0,0,69,0
SRP72,1,0.0,1,1,0,0,187,0
SRP9,1,0.0,1,1,0,0,238,0
SRPK1,1,0.0,1,1,0,0,199,0
SRSF6,1,0.0,1,1,0,0,249,0
SSB,1,0.0,1,1,0,0,258,0
SSMEM1,1,0.0,1,1,0,0,15,0
SST,1,0.0,1,1,0,0,8,0
SSX2IP,1,0.0,1,1,0,0,100,0
SSX5,1,0.0,1,1,0,0,2,0
ST13,1,0.0,1,1,0,0,76,0
STAM2,1,0.0,1,1,0,0,61,0
STAMBP,1,0.0,1,1,0,0,40,0
STARD10,1,0.0,1,1,0,0,5,0
STBD1,1,0.0,1,1,0,0,30,0
STEAP4,1,0.0,1,1,0,0,4,0
STIL,1,0.0,1,1,0,0,78,0
STIP1,1,0.0,1,1,0,0,502,0
STK38,1,0.0,1,1,0,0,81,0
STK4,1,0.0,1,1,0,0,63,0
STOML3,1,0.0,1,1,0,0,2,0
STRAP,1,0.0,1,1,0,0,149,0
STT3A,1,0.0,1,1,0,0,105,0
STT3B,1,0.0,1,1,0,0,109,0
STX18,1,0.0,1,1,0,0,39,0
STX2,1,0.0,1,1,0,0,11,0
STX5,1,0.0,1,1,0,0,63,0
STXBP4,1,0.0,1,1,0,0,23,0
SUB1,1,0.0,1,1,0,0,139,0
SULT1E1,1,0.0,1,1,0,0,11,0
SUMO3,1,0.0,1,1,0,0,67,0
SUPT20H,1,0.0,1,1,0,0,49,0
SUPT3H,1,0.0,1,1,0,0,42,0
SUPT5H,1,0.0,1,1,0,0,212,0
SUPT6H,1,0.0,1,1,0,0,146,0
SUPT7L,1,0.0,1,1,0,0,39,0
SURF4,1,0.0,1,1,0,0,64,0
SV2A,1,0.0,1,1,0,0,22,0
SYCP2L,1,0.0,1,1,0,0,4,0
SYK,1,0.0,1,1,0,0,123,0
SYN2,1,0.0,1,1,0,0,12,0
SYNCRIP,1,0.0,1,1,0,0,300,0
SYNE2,1,0.0,1,1,0,0,67,0
SYNE3,1,0.0,1,1,0,0,136,0
SYNPO2,1,0.0,1,1,0,0,13,0
SYT12,1,0.0,1,1,0,0,7,0
SYT5,1,0.0,1,1,0,0,2,0
SYVN1,1,0.0,1,1,0,0,105,0
TAB1,1,0.0,1,1,0,0,122,0
TADA1,1,0.0,1,1,0,0,33,0
TADA2A,1,0.0,1,1,0,0,99,0
TAF10,1,0.0,1,1,0,0,104,0
TAF1A,1,0.0,1,1,0,0,39,0
TAF1B,1,0.0,1,1,0,0,45,0
TAF1C,1,0.0,1,1,0,0,63,0
TAF4,1,0.0,1,1,0,0,135,0
TAF5,1,0.0,1,1,0,0,93,0
TAF5L,1,0.0,1,1,0,0,55,0
TAF7,1,0.0,1,1,0,0,110,0
TAMM41,1,0.0,1,1,0,0,26,0
TARS,1,0.0,1,1,0,0,97,0
TAS1R1,1,0.0,1,1,0,0,3,0
TAS2R60,1,0.0,1,1,0,0,4,0
TBC1D21,1,0.0,1,1,0,0,6,0
TBC1D24,1,0.0,1,1,0,0,15,0
TBC1D4,1,0.0,1,1,0,0,65,0
TBCK,1,0.0,1,1,0,0,34,0
TBKBP1,1,0.0,1,1,0,0,37,0
TBL3,1,0.0,1,1,0,0,140,0
TBPL1,1,0.0,1,1,0,0,30,0
TBX5,1,0.0,1,1,0,0,86,0
TCEA1,1,0.0,1,1,0,0,105,0
TCEAL1,1,0.0,1,1,0,0,30,0
TCEAL4,1,0.0,1,1,0,0,26,0
TCERG1,1,0.0,1,1,0,0,127,0
TCF4,1,0.0,1,1,0,0,71,0
TCHH,1,0.0,1,1,0,0,9,0
TCOF1,1,0.0,1,1,0,0,138,0
TDP2,1,0.0,1,1,0,0,35,0
TEAD2,1,0.0,1,1,0,0,65,0
TECR,1,0.0,1,1,0,0,123,0
TEP1,1,0.0,1,1,0,0,35,0
TES,1,0.0,1,1,0,0,153,0
TESPA1,1,0.0,1,1,0,0,16,0
TFAP2B,1,0.0,1,1,0,0,11,0
TFAP2C,1,0.0,1,1,0,0,25,0
TFAP4,1,0.0,1,1,0,0,68,0
TFCP2,1,0.0,1,1,0,0,225,0
TFIP11,1,0.0,1,1,0,0,145,0
TFPI2,1,0.0,1,1,0,0,12,0
TFRC,1,0.0,1,1,0,0,172,0
TGIF2,1,0.0,1,1,0,0,16,0
TGM1,1,0.0,1,1,0,0,57,0
TGM2,1,0.0,1,1,0,0,82,0
TGM3,1,0.0,1,1,0,0,54,0
THADA,1,0.0,1,1,0,0,26,0
THAP1,1,0.0,1,1,0,0,34,0
THAP8,1,0.0,1,1,0,0,10,0
THOC2,1,0.0,1,1,0,0,101,0
THOC3,1,0.0,1,1,0,0,60,0
THRAP3,1,0.0,1,1,0,0,222,0
TIAF1,1,0.0,1,1,0,0,3,0
TIMM50,1,0.0,1,1,0,0,121,0
TK1,1,0.0,1,1,0,0,107,0
TKT,1,0.0,1,1,0,0,155,0
TLE3,1,0.0,1,1,0,0,154,0
TLN1,1,0.0,1,1,0,0,153,0
TLR5,1,0.0,1,1,0,0,17,0
TM9SF2,1,0.0,1,1,0,0,18,0
TM9SF3,1,0.0,1,1,0,0,46,0
TM9SF4,1,0.0,1,1,0,0,26,0
TMCO2,1,0.0,1,1,0,0,1,0
TMED1,1,0.0,1,1,0,0,14,0
TMED9,1,0.0,1,1,0,0,57,0
TMEM106B,1,0.0,1,1,0,0,70,0
TMEM116,1,0.0,1,1,0,0,6,0
TMEM165,1,0.0,1,1,0,0,40,0
TMEM173,1,0.0,1,1,0,0,28,0
TMEM200A,1,0.0,1,1,0,0,6,0
TMEM205,1,0.0,1,1,0,0,15,0
TMEM245,1,0.0,1,1,0,0,8,0
TMEM258,1,0.0,1,1,0,0,16,0
TMEM63B,1,0.0,1,1,0,0,27,0
TMEM86A,1,0.0,1,1,0,0,7,0
TMPRSS11B,1,0.0,1,1,0,0,100,0
TMPRSS2,1,0.0,1,1,0,0,108,0
TMTC3,1,0.0,1,1,0,0,25,0
TMTC4,1,0.0,1,1,0,0,12,0
TMUB1,1,0.0,1,1,0,0,22,0
TNC,1,0.0,1,1,0,0,10,0
TNFRSF11B,1,0.0,1,1,0,0,3,0
TNIK,1,0.0,1,1,0,0,50,0
TNK2,1,0.0,1,1,0,0,56,0
TNRC6B,1,0.0,1,1,0,0,136,0
TOM1L1,1,0.0,1,1,0,0,34,0
TONSL,1,0.0,1,1,0,0,63,0
TOP2B,1,0.0,1,1,0,0,150,0
TOP3B,1,0.0,1,1,0,0,360,0
TOR1AIP2,1,0.0,1,1,0,0,70,0
TOX4,1,0.0,1,1,0,0,73,0
TP53I11,1,0.0,1,1,0,0,12,0
TPCN2,1,0.0,1,1,0,0,17,0
TPM1,1,0.0,1,1,0,0,120,0
TPM3,1,0.0,1,1,0,0,177,0
TPM4,1,0.0,1,1,0,0,132,0
TPP2,1,0.0,1,1,0,0,44,0
TPRN,1,0.0,1,1,0,0,21,0
TRA2A,1,0.0,1,1,0,0,130,0
TRA2B,1,0.0,1,1,0,0,169,0
TRAF7,1,0.0,1,1,0,0,41,0
TRAIP,1,0.0,1,1,0,0,40,0
TRAM1,1,0.0,1,1,0,0,24,0
TRAM1L1,1,0.0,1,1,0,0,6,0
TRAPPC11,1,0.0,1,1,0,0,35,0
TRIM2,1,0.0,1,1,0,0,21,0
TRIM21,1,0.0,1,1,0,0,328,0
TRIM23,1,0.0,1,1,0,0,127,0
TRIM26,1,0.0,1,1,0,0,95,0
TRIM27,1,0.0,1,1,0,0,145,0
TRIM29,1,0.0,1,1,0,0,77,0
TRIM3,1,0.0,1,1,0,0,37,0
TRIM31,1,0.0,1,1,0,0,250,0
TRIM32,1,0.0,1,1,0,0,71,0
TRIM33,1,0.0,1,1,0,0,246,0
TRIM37,1,0.0,1,1,0,0,287,0
TRIM39,1,0.0,1,1,0,0,24,0
TRIM41,1,0.0,1,1,0,0,45,0
TRIM42,1,0.0,1,1,0,0,21,0
TRIM45,1,0.0,1,1,0,0,14,0
TRIM47,1,0.0,1,1,0,0,25,0
TRIM59,1,0.0,1,1,0,0,16,0
TRIM65,1,0.0,1,1,0,0,24,0
TRIM66,1,0.0,1,1,0,0,79,0
TRIM67,1,0.0,1,1,0,0,1405,0
TRIM69,1,0.0,1,1,0,0,11,0
TRIM71,1,0.0,1,1,0,0,28,0
TRIM72,1,0.0,1,1,0,0,20,0
TRIM8,1,0.0,1,1,0,0,43,0
TRIML2,1,0.0,1,1,0,0,19,0
TRIP12,1,0.0,1,1,0,0,111,0
TRMT10C,1,0.0,1,1,0,0,76,0
TRMT11,1,0.0,1,1,0,0,18,0
TRNT1,1,0.0,1,1,0,0,25,0
TRPM1,1,0.0,1,1,0,0,8,0
TRPT1,1,0.0,1,1,0,0,5,0
TSC22D1,1,0.0,1,1,0,0,33,0
TSC22D3,1,0.0,1,1,0,0,30,0
TSEN34,1,0.0,1,1,0,0,17,0
TSNAX,1,0.0,1,1,0,0,71,0
TSPAN3,1,0.0,1,1,0,0,13,0
TSPAN6,1,0.0,1,1,0,0,13,0
TSPY1,1,0.0,1,1,0,0,5,0
TSR1,1,0.0,1,1,0,0,204,0
TTC16,1,0.0,1,1,0,0,2,0
TTC28,1,0.0,1,1,0,0,48,0
TTC38,1,0.0,1,1,0,0,6,0
TTC4,1,0.0,1,1,0,0,56,0
TTC7A,1,0.0,1,1,0,0,10,0
TTK,1,0.0,1,1,0,0,115,0
TTLL12,1,0.0,1,1,0,0,49,0
TTLL5,1,0.0,1,1,0,0,21,0
TTLL6,1,0.0,1,1,0,0,6,0
TUBA1A,1,0.0,1,1,0,0,245,0
TUBA1C,1,0.0,1,1,0,0,214,0
TUBA4A,1,0.0,1,1,0,0,180,0
TUBA8,1,0.0,1,1,0,0,47,0
TUBB2B,1,0.0,1,1,0,0,111,0
TUBB4A,1,0.0,1,1,0,0,115,0
TUBB4B,1,0.0,1,1,0,0,275,0
TUBB8,1,0.0,1,1,0,0,81,0
TUBG1,1,0.0,1,1,0,0,205,0
TUBGCP2,1,0.0,1,1,0,0,77,0
TUBGCP6,1,0.0,1,1,0,0,32,0
TXNL1,1,0.0,1,1,0,0,93,0
TXNRD1,1,0.0,1,1,0,0,59,0
U2SURP,1,0.0,1,1,0,0,149,0
UBA2,1,0.0,1,1,0,0,122,0
UBA52,1,0.0,1,1,0,0,360,0
UBA6,1,0.0,1,1,0,0,66,0
UBAC2,1,0.0,1,1,0,0,50,0
UBE2B,1,0.0,1,1,0,0,48,0
UBE2C,1,0.0,1,1,0,0,97,0
UBE2D2,1,0.0,1,1,0,0,148,0
UBE2H,1,0.0,1,1,0,0,818,0
UBE2L3,1,0.0,1,1,0,0,115,0
UBE2M,1,0.0,1,1,0,0,327,0
UBE2O,1,0.0,1,1,0,0,335,0
UBE2Q1,1,0.0,1,1,0,0,28,0
UBE2V2,1,0.0,1,1,0,0,60,0
UBE3C,1,0.0,1,1,0,0,87,0
UBE4A,1,0.0,1,1,0,0,39,0
UBN1,1,0.0,1,1,0,0,44,0
UBN2,1,0.0,1,1,0,0,40,0
UBQLN2,1,0.0,1,1,0,0,261,0
UBR4,1,0.0,1,1,0,0,138,0
UFD1L,1,0.0,1,1,0,0,63,0
UFL1,1,0.0,1,1,0,0,479,0
UFM1,1,0.0,1,1,0,0,47,0
UGT2B15,1,0.0,1,1,0,0,4,0
UHRF1,1,0.0,1,1,0,0,135,0
UIMC1,1,0.0,1,1,0,0,89,0
ULK1,1,0.0,1,1,0,0,65,0
ULK3,1,0.0,1,1,0,0,40,0
UMOD,1,0.0,1,1,0,0,7,0
UMPS,1,0.0,1,1,0,0,59,0
UNC13D,1,0.0,1,1,0,0,16,0
UPF1,1,0.0,1,1,0,0,258,0
URB2,1,0.0,1,1,0,0,54,0
UROS,1,0.0,1,1,0,0,10,0
USH2A,1,0.0,1,1,0,0,5,0
USO1,1,0.0,1,1,0,0,82,0
USP1,1,0.0,1,1,0,0,66,0
USP15,1,0.0,1,1,0,0,223,0
USP21,1,0.0,1,1,0,0,58,0
USP29,1,0.0,1,1,0,0,16,0
USP3,1,0.0,1,1,0,0,41,0
USP34,1,0.0,1,1,0,0,59,0
USP39,1,0.0,1,1,0,0,115,0
USP4,1,0.0,1,1,0,0,128,0
USP49,1,0.0,1,1,0,0,22,0
USP5,1,0.0,1,1,0,0,112,0
USP9X,1,0.0,1,1,0,0,189,0
UTF1,1,0.0,1,1,0,0,5,0
UTP11L,1,0.0,1,1,0,0,32,0
UTP14A,1,0.0,1,1,0,0,154,0
VAPB,1,0.0,1,1,0,0,119,0
VASP,1,0.0,1,1,0,0,117,0
VAT1,1,0.0,1,1,0,0,59,0
VDR,1,0.0,1,1,0,0,63,0
VPRBP,1,0.0,1,1,0,0,120,0
VPS16,1,0.0,1,1,0,0,33,0
VPS72,1,0.0,1,1,0,0,71,0
VRK2,1,0.0,1,1,0,0,52,0
VRK3,1,0.0,1,1,0,0,84,0
WAC,1,0.0,1,1,0,0,40,0
WDR1,1,0.0,1,1,0,0,108,0
WDR12,1,0.0,1,1,0,0,136,0
WDR3,1,0.0,1,1,0,0,139,0
WDR33,1,0.0,1,1,0,0,73,0
WDR36,1,0.0,1,1,0,0,154,0
WDR44,1,0.0,1,1,0,0,39,0
WDR47,1,0.0,1,1,0,0,9,0
WDR48,1,0.0,1,1,0,0,65,0
WDR75,1,0.0,1,1,0,0,102,0
WDR82,1,0.0,1,1,0,0,142,0
WDR83,1,0.0,1,1,0,0,77,0
WDR91,1,0.0,1,1,0,0,21,0
WFS1,1,0.0,1,1,0,0,21,0
WHSC1,1,0.0,1,1,0,0,144,0
WNT4,1,0.0,1,1,0,0,12,0
WWP1,1,0.0,1,1,0,0,125,0
WWP2,1,0.0,1,1,0,0,399,0
WWTR1,1,0.0,1,1,0,0,210,0
XAB2,1,0.0,1,1,0,0,107,0
XPC,1,0.0,1,1,0,0,89,0
XPNPEP3,1,0.0,1,1,0,0,30,0
XRCC5,1,0.0,1,1,0,0,310,0
XRN2,1,0.0,1,1,0,0,192,0
YBX3,1,0.0,1,1,0,0,168,0
YEATS2,1,0.0,1,1,0,0,111,0
YEATS4,1,0.0,1,1,0,0,89,0
YES1P1,1,0.0,1,1,0,0,1,0
YIPF5,1,0.0,1,1,0,0,33,0
YIPF6,1,0.0,1,1,0,0,10,0
YOD1,1,0.0,1,1,0,0,281,0
YTHDC1,1,0.0,1,1,0,0,131,0
YTHDF1,1,0.0,1,1,0,0,220,0
YTHDF2,1,0.0,1,1,0,0,246,0
YTHDF3,1,0.0,1,1,0,0,116,0
YY1AP1,1,0.0,1,1,0,0,22,0
YY2,1,0.0,1,1,0,0,11,0
ZAK,1,0.0,1,1,0,0,38,0
ZBED4,1,0.0,1,1,0,0,13,0
ZBTB14,1,0.0,1,1,0,0,32,0
ZBTB17,1,0.0,1,1,0,0,33,0
ZBTB2,1,0.0,1,1,0,0,202,0
ZBTB21,1,0.0,1,1,0,0,54,0
ZBTB33,1,0.0,1,1,0,0,70,0
ZBTB44,1,0.0,1,1,0,0,20,0
ZBTB49,1,0.0,1,1,0,0,13,0
ZBTB5,1,0.0,1,1,0,0,28,0
ZBTB7A,1,0.0,1,1,0,0,92,0
ZBTB8A,1,0.0,1,1,0,0,25,0
ZC3H15,1,0.0,1,1,0,0,79,0
ZC3H18,1,0.0,1,1,0,0,426,0
ZC3H7A,1,0.0,1,1,0,0,92,0
ZC3HAV1,1,0.0,1,1,0,0,267,0
ZCCHC10,1,0.0,1,1,0,0,78,0
ZCCHC18,1,0.0,1,1,0,0,3,0
ZCCHC2,1,0.0,1,1,0,0,14,0
ZCCHC8,1,0.0,1,1,0,0,84,0
ZDBF2,1,0.0,1,1,0,0,28,0
ZDHHC18,1,0.0,1,1,0,0,26,0
ZDHHC23,1,0.0,1,1,0,0,29,0
ZDHHC5,1,0.0,1,1,0,0,30,0
ZFP91,1,0.0,1,1,0,0,67,0
ZFR,1,0.0,1,1,0,0,141,0
ZFYVE16,1,0.0,1,1,0,0,51,0
ZGRF1,1,0.0,1,1,0,0,17,0
ZHX1,1,0.0,1,1,0,0,51,0
ZIC3,1,0.0,1,1,0,0,15,0
ZMAT2,1,0.0,1,1,0,0,65,0
ZMIZ1,1,0.0,1,1,0,0,28,0
ZMIZ2,1,0.0,1,1,0,0,25,0
ZMPSTE24,1,0.0,1,1,0,0,40,0
ZMYM2,1,0.0,1,1,0,0,138,0
ZMYM3,1,0.0,1,1,0,0,74,0
ZMYM4,1,0.0,1,1,0,0,69,0
ZMYM6,1,0.0,1,1,0,0,16,0
ZMYND11,1,0.0,1,1,0,0,51,0
ZNF146,1,0.0,1,1,0,0,37,0
ZNF177,1,0.0,1,1,0,0,5,0
ZNF180,1,0.0,1,1,0,0,1,0
ZNF207,1,0.0,1,1,0,0,68,0
ZNF217,1,0.0,1,1,0,0,48,0
ZNF230,1,0.0,1,1,0,0,2,0
ZNF24,1,0.0,1,1,0,0,58,0
ZNF267,1,0.0,1,1,0,0,6,0
ZNF268,1,0.0,1,1,0,0,5,0
ZNF280C,1,0.0,1,1,0,0,27,0
ZNF300,1,0.0,1,1,0,0,2,0
ZNF302,1,0.0,1,1,0,0,9,0
ZNF318,1,0.0,1,1,0,0,61,0
ZNF326,1,0.0,1,1,0,0,126,0
ZNF329,1,0.0,1,1,0,0,7,0
ZNF384,1,0.0,1,1,0,0,39,0
ZNF398,1,0.0,1,1,0,0,11,0
ZNF451,1,0.0,1,1,0,0,47,0
ZNF507,1,0.0,1,1,0,0,13,0
ZNF514,1,0.0,1,1,0,0,13,0
ZNF516,1,0.0,1,1,0,0,29,0
ZNF546,1,0.0,1,1,0,0,1,0
ZNF574,1,0.0,1,1,0,0,99,0
ZNF593,1,0.0,1,1,0,0,63,0
ZNF598,1,0.0,1,1,0,0,240,0
ZNF608,1,0.0,1,1,0,0,41,0
ZNF619,1,0.0,1,1,0,0,2,0
ZNF629,1,0.0,1,1,0,0,60,0
ZNF644,1,0.0,1,1,0,0,64,0
ZNF645,1,0.0,1,1,0,0,2,0
ZNF648,1,0.0,1,1,0,0,5,0
ZNF668,1,0.0,1,1,0,0,100,0
ZNF679,1,0.0,1,1,0,0,1,0
ZNF703,1,0.0,1,1,0,0,33,0
ZNF763,1,0.0,1,1,0,0,7,0
ZNF79,1,0.0,1,1,0,0,4,0
ZNF814,1,0.0,1,1,0,0,1,0
ZNF839,1,0.0,1,1,0,0,7,0
ZNF92,1,0.0,1,1,0,0,21,0
ZNHIT1,1,0.0,1,1,0,0,21,0
ZRSR2,1,0.0,1,1,0,0,37,0
ZSWIM3,1,0.0,1,1,0,0,2,0
ZSWIM8,1,0.0,1,1,0,0,35,0
ZWINT,1,0.0,1,1,0,0,77,0
ZYX,1,0.0,1,1,0,0,122,0
ZZZ3,1,0.0,1,1,0,0,87,0
