node_id,is_target,degree,source_count,max_interaction_score,evidence_count,has_biogrid_direct,has_string_direct,label_string_supported
TP53,1,2757,0,0.0,0,0,0,-1
ATM,0,254,2,999.0,2,1,1,1
BCL2,0,183,2,999.0,2,1,1,1
BCL2L1,0,148,2,999.0,2,1,1,1
BRCA1,0,695,2,999.0,2,1,1,1
CDKN1A,0,236,2,999.0,2,1,1,1
CDKN2A,0,253,2,999.0,2,1,1,1
CHEK2,0,174,2,999.0,2,1,1,1
CREBBP,0,333,2,999.0,2,1,1,1
DAXX,0,188,2,999.0,2,1,1,1
EP300,0,727,2,999.0,2,1,1,1
HDAC1,0,547,2,999.0,2,1,1,1
HIF1A,0,283,2,999.0,2,1,1,1
HIPK2,0,61,2,999.0,2,1,1,1
HSP90AA1,0,589,2,999.0,2,1,1,1
MDM2,0,417,2,999.0,2,1,1,1
MDM4,0,81,2,999.0,2,1,1,1
PPP1R13L,0,44,2,999.0,2,1,1,1
PTEN,0,454,2,999.0,2,1,1,1
RAD51,0,211,2,999.0,2,1,1,1
RPA1,0,1161,2,999.0,2,1,1,1
SFN,0,257,2,999.0,2,1,1,1
SIRT1,0,252,2,999.0,2,1,1,1
TP53BP1,0,313,2,999.0,2,1,1,1
TP53BP2,0,99,2,999.0,2,1,1,1
UBE3A,0,189,2,999.0,2,1,1,1
USP7,0,413,2,999.0,2,1,1,1
AURKA,0,348,2,998.0,2,1,1,1
CCNG1,0,27,2,998.0,2,1,1,1
CREB1,0,162,2,998.0,2,1,1,1
FOXO3,0,123,2,998.0,2,1,1,1
HSPA9,0,344,2,998.0,2,1,1,1
HTT,0,186,2,998.0,2,1,1,1
MAPK1,0,258,2,998.0,2,1,1,1
NDN,0,219,2,998.0,2,1,1,1
RCHY1,0,188,2,998.0,2,1,1,1
BAK1,0,30,2,997.0,2,1,1,1
CCNA2,0,172,2,997.0,2,1,1,1
CHEK1,0,191,2,997.0,2,1,1,1
DDX5,0,322,2,997.0,2,1,1,1
DNMT1,0,182,2,997.0,2,1,1,1
HMGB1,0,253,2,997.0,2,1,1,1
HSPA4,0,371,2,997.0,2,1,1,1
JUN,0,304,2,997.0,2,1,1,1
MAPK8,0,166,2,997.0,2,1,1,1
MYC,0,1255,2,997.0,2,1,1,1
NPM1,0,630,2,997.0,2,1,1,1
PRKDC,0,363,2,997.0,2,1,1,1
TBP,0,174,2,997.0,2,1,1,1
ATR,0,140,2,996.0,2,1,1,1
DROSHA,0,109,2,996.0,2,1,1,1
KAT5,0,187,2,996.0,2,1,1,1
S100A4,0,56,2,996.0,2,1,1,1
SUMO1,0,177,2,996.0,2,1,1,1
BRCA2,0,220,2,995.0,2,1,1,1
FOXO4,0,54,2,995.0,2,1,1,1
HSP90AB1,0,496,2,995.0,2,1,1,1
S100B,0,63,2,995.0,2,1,1,1
AKT1,0,378,2,994.0,2,1,1,1
BAX,0,82,2,994.0,2,1,1,1
MAPK14,0,169,2,994.0,2,1,1,1
MAPK3,0,217,2,994.0,2,1,1,1
SP1,0,213,2,994.0,2,1,1,1
STAT3,0,277,2,994.0,2,1,1,1
UBE2I,0,319,2,994.0,2,1,1,1
SMAD2,0,193,2,993.0,2,1,1,1
SMARCA4,0,306,2,993.0,2,1,1,1
ESR1,0,932,2,992.0,2,1,1,1
GSK3B,0,404,2,992.0,2,1,1,1
RRM2B,0,38,2,992.0,2,1,1,1
SNAI1,0,334,2,992.0,2,1,1,1
CASP8,0,123,2,991.0,2,1,1,1
GADD45A,0,60,2,991.0,2,1,1,1
YWHAZ,0,409,2,991.0,2,1,1,1
BRD4,0,770,2,990.0,2,1,1,1
BRD7,0,339,2,990.0,2,1,1,1
HDAC2,0,467,2,990.0,2,1,1,1
NFKB1,0,218,2,989.0,2,1,1,1
SMYD2,0,27,2,989.0,2,1,1,1
IFI16,0,350,2,988.0,2,1,1,1
CDK2,0,470,2,987.0,2,1,1,1
HSPA8,0,843,2,987.0,2,1,1,1
E2F1,0,162,2,986.0,2,1,1,1
PPP1R13B,0,56,2,986.0,2,1,1,1
KAT2B,0,193,2,985.0,2,1,1,1
TP73,0,127,2,985.0,2,1,1,1
RB1CC1,0,174,2,984.0,2,1,1,1
TADA3,0,78,2,983.0,2,1,1,1
TAF9,0,133,2,983.0,2,1,1,1
WT1,0,38,2,983.0,2,1,1,1
ATF3,0,62,2,982.0,2,1,1,1
BARD1,0,209,2,982.0,2,1,1,1
ING4,0,54,2,982.0,2,1,1,1
L3MBTL1,0,67,2,982.0,2,1,1,1
MAPK9,0,101,2,982.0,2,1,1,1
RBBP6,0,101,2,982.0,2,1,1,1
TP53RK,0,34,2,982.0,2,1,1,1
ATRX,0,179,2,981.0,2,1,1,1
PLK1,0,389,2,981.0,2,1,1,1
ANXA2,0,217,2,977.0,2,1,1,1
COPS5,0,513,2,977.0,2,1,1,1
GNL3,0,220,2,976.0,2,1,1,1
SMARCB1,0,208,2,976.0,2,1,1,1
APAF1,0,50,2,974.0,2,1,1,1
CCNA1,0,82,2,974.0,2,1,1,1
MSH2,0,205,2,974.0,2,1,1,1
PTGS2,0,68,2,974.0,2,1,1,1
TRRAP,0,297,2,973.0,2,1,1,1
ETS1,0,88,2,972.0,2,1,1,1
PARP1,0,634,2,972.0,2,1,1,1
CUL9,0,53,2,971.0,2,1,1,1
HSPA1B,0,160,2,971.0,2,1,1,1
RPL11,0,361,2,971.0,2,1,1,1
RPS27A,0,416,2,971.0,2,1,1,1
DDX17,0,230,2,970.0,2,1,1,1
ETS2,0,33,2,970.0,2,1,1,1
PHF20,0,51,2,970.0,2,1,1,1
STK11,0,156,2,970.0,2,1,1,1
CUL7,0,470,2,969.0,2,1,1,1
E4F1,0,51,2,969.0,2,1,1,1
EGR1,0,54,2,969.0,2,1,1,1
ING5,0,49,2,969.0,2,1,1,1
STUB1,0,262,2,968.0,2,1,1,1
CDK5,0,113,2,967.0,2,1,1,1
HIPK1,0,13,2,967.0,2,1,1,1
PML,0,480,2,967.0,2,1,1,1
SLC2A1,0,89,2,967.0,2,1,1,1
TWIST1,0,62,2,967.0,2,1,1,1
CDK4,0,205,2,966.0,2,1,1,1
MUC1,0,63,2,966.0,2,1,1,1
SUMO2,0,342,2,965.0,2,1,1,1
SMAD3,0,233,2,963.0,2,1,1,1
TAF1,0,151,2,963.0,2,1,1,1
WRN,0,107,2,963.0,2,1,1,1
CDK1,0,370,2,962.0,2,1,1,1
ARID1A,0,164,2,961.0,2,1,1,1
SCO2,0,56,2,961.0,2,1,1,1
FBXW7,0,522,2,960.0,2,1,1,1
POLI,0,32,2,960.0,2,1,1,1
BBC3,0,27,2,959.0,2,1,1,1
CSNK2A1,0,431,2,959.0,2,1,1,1
XPO1,0,526,2,959.0,2,1,1,1
HIPK3,0,22,2,958.0,2,1,1,1
BCL6,0,103,2,957.0,2,1,1,1
CDKN2C,0,43,2,957.0,2,1,1,1
BMI1,0,346,2,956.0,2,1,1,1
CASP3,0,177,2,956.0,2,1,1,1
HSPB1,0,313,2,955.0,2,1,1,1
RELA,0,280,2,955.0,2,1,1,1
XRCC6,0,506,2,955.0,2,1,1,1
PIAS4,0,109,2,954.0,2,1,1,1
TRAF6,0,222,2,954.0,2,1,1,1
TP63,0,136,2,953.0,2,1,1,1
FOS,0,192,2,952.0,2,1,1,1
TOPORS,0,56,2,952.0,2,1,1,1
DNAJB1,0,133,2,951.0,2,1,1,1
GTF2H1,0,92,2,950.0,2,1,1,1
PPARG,0,211,2,949.0,2,1,1,1
TOPBP1,0,87,2,949.0,2,1,1,1
SETD7,0,73,2,947.0,2,1,1,1
TOP1,0,337,2,947.0,2,1,1,1
CCND1,0,252,2,946.0,2,1,1,1
NQO1,0,47,2,946.0,2,1,1,1
PIN1,0,148,2,946.0,2,1,1,1
PPP2R1A,0,284,2,946.0,2,1,1,1
TCHP,0,65,2,946.0,2,1,1,1
RPL5,0,355,2,945.0,2,1,1,1
APEX1,0,418,2,944.0,2,1,1,1
BANP,0,68,2,944.0,2,1,1,1
EGFR,0,989,2,943.0,2,1,1,1
HNRNPK,0,305,2,943.0,2,1,1,1
YY1,0,252,2,942.0,2,1,1,1
KDM1A,0,360,2,941.0,2,1,1,1
SIN3A,0,202,2,941.0,2,1,1,1
NUMB,0,89,2,940.0,2,1,1,1
BECN1,0,139,2,939.0,2,1,1,1
CSNK2A2,0,318,2,939.0,2,1,1,1
CAPN1,0,94,2,938.0,2,1,1,1
PRMT1,0,466,2,937.0,2,1,1,1
NR3C1,0,350,2,936.0,2,1,1,1
PMS2,0,63,2,936.0,2,1,1,1
RB1,0,224,2,936.0,2,1,1,1
RUNX3,0,50,2,936.0,2,1,1,1
ERBB2,0,242,2,935.0,2,1,1,1
TP53INP1,0,11,2,935.0,2,1,1,1
AIFM2,0,15,2,934.0,2,1,1,1
PPID,0,55,2,934.0,2,1,1,1
IKBKB,0,141,2,933.0,2,1,1,1
BLM,0,144,2,932.0,2,1,1,1
USP10,0,161,2,931.0,2,1,1,1
CARM1,0,169,2,930.0,2,1,1,1
CEBPA,0,562,2,930.0,2,1,1,1
NOC2L,0,181,2,930.0,2,1,1,1
ARID3A,0,45,2,929.0,2,1,1,1
DGCR8,0,114,2,929.0,2,1,1,1
MTA1,0,138,2,929.0,2,1,1,1
RNF20,0,124,2,929.0,2,1,1,1
PTK2,0,142,2,928.0,2,1,1,1
CTNNB1,0,553,2,927.0,2,1,1,1
CSNK1A1,0,200,2,926.0,2,1,1,1
GLS2,0,12,2,926.0,2,1,1,1
HRAS,0,208,2,925.0,2,1,1,1
PLK3,0,18,2,924.0,2,1,1,1
PRMT5,0,257,2,924.0,2,1,1,1
YBX1,0,324,2,922.0,2,1,1,1
UBC,0,670,2,921.0,2,1,1,1
EHMT1,0,97,2,920.0,2,1,1,1
EHMT2,0,149,2,919.0,2,1,1,1
MCL1,0,102,2,918.0,2,1,1,1
POLK,0,35,2,918.0,2,1,1,1
NFKBIA,0,157,2,915.0,2,1,1,1
SNAI2,0,52,2,915.0,2,1,1,1
CHUK,0,129,2,914.0,2,1,1,1
ING1,0,75,2,914.0,2,1,1,1
MED17,0,122,2,914.0,2,1,1,1
WWOX,0,249,2,914.0,2,1,1,1
PCNA,0,273,2,913.0,2,1,1,1
TFAP2A,0,65,2,913.0,2,1,1,1
NCL,0,416,2,911.0,2,1,1,1
ABL1,0,140,2,909.0,2,1,1,1
KAT2A,0,130,2,909.0,2,1,1,1
AURKB,0,410,2,908.0,2,1,1,1
ERCC3,0,143,2,908.0,2,1,1,1
MED1,0,244,2,906.0,2,1,1,1
AR,0,501,2,905.0,2,1,1,1
AXIN1,0,89,2,905.0,2,1,1,1
SIRT7,0,391,2,904.0,2,1,1,1
TRIM28,0,597,2,904.0,2,1,1,1
PSMC5,0,235,2,903.0,2,1,1,1
EP400,0,120,2,902.0,2,1,1,1
TERT,0,94,2,902.0,2,1,1,1
SQSTM1,0,482,2,901.0,2,1,1,1
YWHAE,0,377,2,900.0,2,1,1,1
TXN,0,178,2,899.0,2,1,1,1
PIAS1,0,201,2,897.0,2,1,1,1
E2F7,0,24,2,895.0,2,1,1,1
CDC25C,0,94,2,894.0,2,1,1,1
CDK9,0,391,2,889.0,2,1,1,1
SMARCD1,0,135,2,889.0,2,1,1,1
CDK7,0,290,2,888.0,2,1,1,1
DDX20,0,102,2,888.0,2,1,1,1
CCT4,0,254,2,887.0,2,1,1,1
PPARGC1A,0,96,2,887.0,2,1,1,1
GAPDH,0,414,2,886.0,2,1,1,1
SRC,0,286,2,884.0,2,1,1,1
PPM1D,0,34,2,883.0,2,1,1,1
CUL4A,0,358,2,882.0,2,1,1,1
PSME3,0,168,2,882.0,2,1,1,1
PSMD4,0,184,2,880.0,2,1,1,1
ACTB,0,469,2,879.0,2,1,1,1
G3BP1,0,390,2,879.0,2,1,1,1
PER2,0,78,2,879.0,2,1,1,1
PPP2R5C,0,52,2,878.0,2,1,1,1
SRSF1,0,300,2,878.0,2,1,1,1
FAS,0,133,2,877.0,2,1,1,1
GTF2B,0,96,2,876.0,2,1,1,1
RPL26,0,252,2,876.0,2,1,1,1
MTOR,0,201,2,874.0,2,1,1,1
PBK,0,106,2,873.0,2,1,1,1
TOP1MT,0,25,2,873.0,2,1,1,1
AGO2,0,201,2,872.0,2,1,1,1
E2F4,0,224,2,872.0,2,1,1,1
OTUB1,0,187,2,872.0,2,1,1,1
DYRK2,0,88,2,870.0,2,1,1,1
HNF4A,0,175,2,868.0,2,1,1,1
HMGA2,0,81,2,867.0,2,1,1,1
DAPK1,0,71,2,866.0,2,1,1,1
MAP3K1,0,87,2,866.0,2,1,1,1
PSMD10,0,96,2,866.0,2,1,1,1
NFYA,0,57,2,865.0,2,1,1,1
TRIM24,0,167,2,865.0,2,1,1,1
CABLES1,0,23,2,864.0,2,1,1,1
USP11,0,284,2,864.0,2,1,1,1
TRIAP1,0,11,2,863.0,2,1,1,1
KAT6A,0,249,2,861.0,2,1,1,1
PADI4,0,19,2,861.0,2,1,1,1
CDKN2B,0,51,2,860.0,2,1,1,1
PHB,0,509,2,860.0,2,1,1,1
TPT1,0,186,2,859.0,2,1,1,1
VRK1,0,168,2,859.0,2,1,1,1
MTA2,0,228,2,857.0,2,1,1,1
RPS3,0,408,2,857.0,2,1,1,1
ZNF148,0,59,2,857.0,2,1,1,1
PLAGL1,0,17,2,856.0,2,1,1,1
TXNIP,0,126,2,855.0,2,1,1,1
TAF6,0,185,2,854.0,2,1,1,1
IGF1R,0,189,2,853.0,2,1,1,1
MDC1,0,222,2,853.0,2,1,1,1
NCOR1,0,212,2,853.0,2,1,1,1
TCP1,0,253,2,851.0,2,1,1,1
IDH1,0,79,2,845.0,2,1,1,1
RBPJ,0,133,2,845.0,2,1,1,1
SETD2,0,118,2,845.0,2,1,1,1
PIAS2,0,79,2,844.0,2,1,1,1
CSNK2B,0,283,2,843.0,2,1,1,1
TOP2A,0,331,2,843.0,2,1,1,1
S100A6,0,65,2,842.0,2,1,1,1
UBR5,0,248,2,840.0,2,1,1,1
ELAVL1,0,594,2,839.0,2,1,1,1
SOCS1,0,91,2,839.0,2,1,1,1
SSBP1,0,204,2,839.0,2,1,1,1
ING2,0,53,2,837.0,2,1,1,1
KAT8,0,79,2,835.0,2,1,1,1
USP42,0,32,2,835.0,2,1,1,1
RNF2,0,406,2,834.0,2,1,1,1
CCNH,0,104,2,833.0,2,1,1,1
PPP2CA,0,180,2,833.0,2,1,1,1
CCT5,0,253,2,831.0,2,1,1,1
REL,0,111,2,831.0,2,1,1,1
EEF2,0,342,2,828.0,2,1,1,1
YWHAB,0,311,2,828.0,2,1,1,1
CCT2,0,299,2,826.0,2,1,1,1
CSNK1D,0,127,2,826.0,2,1,1,1
HSPA1L,0,131,2,826.0,2,1,1,1
MSH6,0,177,2,826.0,2,1,1,1
NCOA1,0,76,2,826.0,2,1,1,1
SETD1A,0,116,2,826.0,2,1,1,1
HUWE1,0,516,2,825.0,2,1,1,1
PKM,0,265,2,825.0,2,1,1,1
BCL2L14,0,43,2,824.0,2,1,1,1
HSPA5,0,604,2,824.0,2,1,1,1
UBE2A,0,110,2,824.0,2,1,1,1
ZEB1,0,141,2,824.0,2,1,1,1
CCT7,0,273,2,823.0,2,1,1,1
TFDP1,0,74,2,823.0,2,1,1,1
ELL,0,50,2,822.0,2,1,1,1
BRD1,0,113,2,821.0,2,1,1,1
MUL1,0,29,2,820.0,2,1,1,1
RING1,0,124,2,819.0,2,1,1,1
NR4A1,0,120,2,817.0,2,1,1,1
CFLAR,0,47,2,816.0,2,1,1,1
HERC2,0,187,2,816.0,2,1,1,1
KIT,0,68,2,816.0,2,1,1,1
PARK7,0,164,2,814.0,2,1,1,1
RANBP2,0,196,2,812.0,2,1,1,1
SKP1,0,234,2,812.0,2,1,1,1
UBE2N,0,177,2,811.0,2,1,1,1
EWSR1,0,351,2,810.0,2,1,1,1
GNAS,0,106,2,810.0,2,1,1,1
KMT2D,0,92,2,810.0,2,1,1,1
CCDC8,0,298,2,808.0,2,1,1,1
CDK6,0,129,2,808.0,2,1,1,1
NEDD8,0,234,2,808.0,2,1,1,1
RUNX2,0,82,2,808.0,2,1,1,1
USP28,0,61,2,806.0,2,1,1,1
CXCL8,0,60,2,804.0,2,1,1,1
ERCC2,0,108,2,804.0,2,1,1,1
FBXW8,0,59,2,804.0,2,1,1,1
MET,0,109,2,804.0,2,1,1,1
RRM2,0,117,2,803.0,2,1,1,1
STAT6,0,70,2,803.0,2,1,1,1
GPX2,0,28,2,802.0,2,1,1,1
PHF1,0,71,2,802.0,2,1,1,1
UBB,0,249,2,799.0,2,1,1,1
ZNF420,0,13,2,799.0,2,1,1,1
CRYAB,0,57,2,798.0,2,1,1,1
KDM4A,0,68,2,798.0,2,1,1,1
MYBBP1A,0,233,2,798.0,2,1,1,1
PRIMA1,0,2,2,798.0,2,1,1,1
PSMD2,0,212,2,795.0,2,1,1,1
UCHL1,0,120,2,795.0,2,1,1,1
E2F2,0,36,2,791.0,2,1,1,1
ITCH,0,158,2,791.0,2,1,1,1
SUZ12,0,340,2,791.0,2,1,1,1
FOXM1,0,102,2,790.0,2,1,1,1
S100A1,0,14,2,790.0,2,1,1,1
WDR77,0,201,2,787.0,2,1,1,1
TDG,0,48,2,786.0,2,1,1,1
UBD,0,29,2,786.0,2,1,1,1
DHFR,0,47,2,785.0,2,1,1,1
VHL,0,269,2,784.0,2,1,1,1
NCOA6,0,105,2,782.0,2,1,1,1
STAT1,0,209,2,781.0,2,1,1,1
NFE2L2,0,111,2,780.0,2,1,1,1
TRIM25,0,755,2,780.0,2,1,1,1
NR0B2,0,41,2,777.0,2,1,1,1
CCT3,0,254,2,776.0,2,1,1,1
RBX1,0,318,2,776.0,2,1,1,1
XAF1,0,27,2,776.0,2,1,1,1
EIF2AK2,0,165,2,775.0,2,1,1,1
PTTG1,0,93,2,775.0,2,1,1,1
JAK1,0,104,2,774.0,2,1,1,1
PRKAB2,0,60,2,774.0,2,1,1,1
RPA2,0,1110,2,774.0,2,1,1,1
TYMS,0,77,2,774.0,2,1,1,1
MOV10,0,427,2,773.0,2,1,1,1
NF2,0,190,2,773.0,2,1,1,1
PELP1,0,130,2,771.0,2,1,1,1
CD8A,0,58,2,770.0,2,1,1,1
FUBP1,0,157,2,769.0,2,1,1,1
DMTF1,0,4,2,768.0,2,1,1,1
HDAC5,0,228,2,768.0,2,1,1,1
SIRT2,0,93,2,768.0,2,1,1,1
WDR5,0,599,2,768.0,2,1,1,1
AIMP2,0,213,2,767.0,2,1,1,1
PRKCD,0,86,2,767.0,2,1,1,1
SSRP1,0,352,2,766.0,2,1,1,1
PATZ1,0,52,2,764.0,2,1,1,1
PRKAA1,0,105,2,764.0,2,1,1,1
KRT8,0,170,2,763.0,2,1,1,1
NBN,0,133,2,763.0,2,1,1,1
UHRF2,0,77,2,763.0,2,1,1,1
ANXA1,0,131,2,762.0,2,1,1,1
GDF15,0,18,2,762.0,2,1,1,1
KLF5,0,116,2,762.0,2,1,1,1
PDGFRA,0,126,2,762.0,2,1,1,1
CCT6A,0,255,2,761.0,2,1,1,1
CDC42,0,410,2,760.0,2,1,1,1
CTBP1,0,191,2,759.0,2,1,1,1
DNAJA1,0,262,2,759.0,2,1,1,1
BTRC,0,373,2,758.0,2,1,1,1
CCT8,0,269,2,757.0,2,1,1,1
KMT2A,0,216,2,757.0,2,1,1,1
SUPT16H,0,267,2,756.0,2,1,1,1
NUPR1,0,304,2,755.0,2,1,1,1
RPLP0,0,363,2,755.0,2,1,1,1
TET2,0,103,2,755.0,2,1,1,1
BAG1,0,249,2,754.0,2,1,1,1
HSPA1A,0,646,2,754.0,2,1,1,1
ANK3,0,90,2,753.0,2,1,1,1
UBE2K,0,80,2,753.0,2,1,1,1
WEE1,0,95,2,753.0,2,1,1,1
BAG2,0,267,2,752.0,2,1,1,1
ERCC6,0,161,2,752.0,2,1,1,1
CCDC106,0,18,2,751.0,2,1,1,1
DDX3X,0,322,2,750.0,2,1,1,1
MAGED2,0,115,2,750.0,2,1,1,1
XRCC1,0,114,2,750.0,2,1,1,1
CHD4,0,512,2,749.0,2,1,1,1
RBBP5,0,194,2,748.0,2,1,1,1
BUB1B,0,135,2,745.0,2,1,1,1
SP100,0,109,2,744.0,2,1,1,1
MYBL2,0,92,2,742.0,2,1,1,1
RFFL,0,29,2,742.0,2,1,1,1
CDC6,0,103,2,741.0,2,1,1,1
CASP7,0,54,2,740.0,2,1,1,1
FBXO42,0,126,2,740.0,2,1,1,1
RPS27,0,246,2,739.0,2,1,1,1
LATS2,0,141,2,738.0,2,1,1,1
LRRK2,0,191,2,738.0,2,1,1,1
MAPKAPK5,0,33,2,738.0,2,1,1,1
KRT5,0,94,2,737.0,2,1,1,1
FBXO11,0,49,2,736.0,2,1,1,1
TOP3A,0,70,2,736.0,2,1,1,1
CSNK1E,0,132,2,735.0,2,1,1,1
OBSL1,0,398,2,734.0,2,1,1,1
HNRNPC,0,334,2,733.0,2,1,1,1
RNF40,0,118,2,732.0,2,1,1,1
UBE4B,0,68,2,732.0,2,1,1,1
MIF,0,123,2,731.0,2,1,1,1
KDR,0,90,2,730.0,2,1,1,1
ANK2,0,55,2,727.0,2,1,1,1
DTL,0,107,2,727.0,2,1,1,1
CDK8,0,119,2,726.0,2,1,1,1
ERBB4,0,63,2,726.0,2,1,1,1
GATA3,0,123,2,724.0,2,1,1,1
PRDX1,0,204,2,723.0,2,1,1,1
RPS19,0,364,2,723.0,2,1,1,1
TUBB,0,349,2,723.0,2,1,1,1
ALB,0,193,2,722.0,2,1,1,1
MCM4,0,193,2,722.0,2,1,1,1
NUAK1,0,50,2,722.0,2,1,1,1
ACTL6A,0,186,2,721.0,2,1,1,1
YAP1,0,570,2,721.0,2,1,1,1
HMGA1,0,198,2,720.0,2,1,1,1
MEN1,0,486,2,720.0,2,1,1,1
BCL2L2,0,33,2,718.0,2,1,1,1
BUB3,0,169,2,718.0,2,1,1,1
REST,0,169,2,718.0,2,1,1,1
CHD3,0,414,2,717.0,2,1,1,1
CYLD,0,459,2,717.0,2,1,1,1
NFYB,0,41,2,717.0,2,1,1,1
SET,0,128,2,714.0,2,1,1,1
SMN1,0,130,2,714.0,2,1,1,1
BRPF3,0,68,2,713.0,2,1,1,1
RBBP4,0,311,2,713.0,2,1,1,1
VIM,0,339,2,712.0,2,1,1,1
DDB1,0,379,2,711.0,2,1,1,1
MAP2K3,0,151,2,711.0,2,1,1,1
AGO1,0,113,2,710.0,2,1,1,1
KDM6A,0,97,2,710.0,2,1,1,1
UBA1,0,177,2,710.0,2,1,1,1
CUL1,0,433,2,709.0,2,1,1,1
RAD50,0,218,2,709.0,2,1,1,1
TUBB2A,0,154,2,709.0,2,1,1,1
USP24,0,49,2,709.0,2,1,1,1
VCP,0,589,2,709.0,2,1,1,1
TNFAIP3,0,81,2,708.0,2,1,1,1
E2F3,0,49,2,707.0,2,1,1,1
DHCR24,0,53,2,706.0,2,1,1,1
PMS1,0,56,2,706.0,2,1,1,1
PHC3,0,70,2,705.0,2,1,1,1
THRB,0,46,2,705.0,2,1,1,1
RPS6,0,423,2,704.0,2,1,1,1
BAG5,0,154,2,703.0,2,1,1,1
HEY1,0,87,2,703.0,2,1,1,1
WRAP53,0,49,2,703.0,2,1,1,1
ZBTB16,0,66,2,703.0,2,1,1,1
CDKN1C,0,40,2,701.0,2,1,1,1
TSG101,0,134,2,701.0,2,1,1,1
CALML5,0,118,2,700.0,2,1,1,1
HNRNPU,0,477,2,700.0,2,1,1,1
PPIF,0,54,1,993.0,1,0,1,1
CDKN1B,0,131,1,991.0,1,0,1,1
G6PD,0,112,1,986.0,1,0,1,1
TIGAR,0,5,1,981.0,1,0,1,1
S100A2,0,129,1,980.0,1,0,1,1
DDB2,0,129,1,979.0,1,0,1,1
SREBF2,0,97,1,978.0,1,0,1,1
AKT2,0,98,1,973.0,1,0,1,1
H3C12,0,241,1,971.0,1,0,1,1
PMAIP1,0,88,1,970.0,1,0,1,1
MLH1,0,114,1,965.0,1,0,1,1
GADD45B,0,15,1,964.0,1,0,1,1
COP1,0,20,1,961.0,1,0,1,1
MAPK11,0,55,1,960.0,1,0,1,1
TFAM,0,162,1,959.0,1,0,1,1
PIDD1,0,26,1,958.0,1,0,1,1
AKT3,0,65,1,953.0,1,0,1,1
CASP9,0,78,1,953.0,1,0,1,1
KRAS,0,860,1,949.0,1,0,1,1
H4C6,0,248,1,947.0,1,0,1,1
MAPK12,0,59,1,946.0,1,0,1,1
TP53AIP1,0,3,1,945.0,1,0,1,1
MAPK13,0,55,1,943.0,1,0,1,1
PIK3CA,0,138,1,941.0,1,0,1,1
JMY,0,18,1,940.0,1,0,1,1
CASP10,0,33,1,939.0,1,0,1,1
GADD45G,0,30,1,937.0,1,0,1,1
GTSE1,0,100,1,933.0,1,0,1,1
PRKCZ,0,209,1,933.0,1,0,1,1
BIRC5,0,97,1,930.0,1,0,1,1
SUMO4,0,32,1,930.0,1,0,1,1
PERP,0,9,1,928.0,1,0,1,1
CCNE1,0,93,1,926.0,1,0,1,1
SLC2A2,0,8,1,926.0,1,0,1,1
KLF4,0,125,1,925.0,1,0,1,1
SLC25A4,0,88,1,925.0,1,0,1,1
CAPN2,0,70,1,924.0,1,0,1,1
HIPK4,0,21,1,918.0,1,0,1,1
KMT5A,0,39,1,916.0,1,0,1,1
CCNB1,0,196,1,914.0,1,0,1,1
CYCS,0,135,1,911.0,1,0,1,1
DDIT4,0,20,1,911.0,1,0,1,1
ZNF385A,0,10,1,910.0,1,0,1,1
PCBP4,0,14,1,909.0,1,0,1,1
YWHAG,0,354,1,909.0,1,0,1,1
TNFRSF10B,0,63,1,908.0,1,0,1,1
ATG7,0,155,1,907.0,1,0,1,1
MRE11,0,59,1,905.0,1,0,1,1
TP53I3,0,7,1,903.0,1,0,1,1
TPX2,0,133,1,903.0,1,0,1,1
IGFBP3,0,28,1,901.0,1,0,1,1
EZH2,0,738,1,899.0,1,0,1,1
CASP6,0,39,1,898.0,1,0,1,1
TNFRSF10A,0,53,1,898.0,1,0,1,1
H2AX,0,129,1,892.0,1,0,1,1
CCNE2,0,40,1,890.0,1,0,1,1
BTG2,0,17,1,888.0,1,0,1,1
BRAF,0,119,1,887.0,1,0,1,1
FOXO1,0,232,1,886.0,1,0,1,1
SOX2,0,592,1,883.0,1,0,1,1
H4C14,0,121,1,880.0,1,0,1,1
NF1,0,106,1,880.0,1,0,1,1
H3C2,0,93,1,879.0,1,0,1,1
H6PD,0,29,1,879.0,1,0,1,1
INS,0,268,1,879.0,1,0,1,1
SLCO6A1,0,26,1,879.0,1,0,1,1
CASP1,0,69,1,876.0,1,0,1,1
CD44,0,154,1,876.0,1,0,1,1
H2BC12,0,78,1,876.0,1,0,1,1
NRAS,0,221,1,876.0,1,0,1,1
SMAD4,0,211,1,875.0,1,0,1,1
H2BC11,0,115,1,874.0,1,0,1,1
SESN1,0,16,1,874.0,1,0,1,1
FANCC,0,55,1,871.0,1,0,1,1
CCNL2,0,81,1,870.0,1,0,1,1
PRDM1,0,41,1,870.0,1,0,1,1
BCL2L11,0,67,1,867.0,1,0,1,1
H3C3,0,98,1,867.0,1,0,1,1
H3-3B,0,219,1,865.0,1,0,1,1
TNF,0,243,1,865.0,1,0,1,1
GSDME,0,6,1,864.0,1,0,1,1
H3-5,0,160,1,864.0,1,0,1,1
H3-2,0,152,1,863.0,1,0,1,1
H3-4,0,206,1,863.0,1,0,1,1
H3C13,0,257,1,863.0,1,0,1,1
CEBPB,0,683,1,862.0,1,0,1,1
CDC25A,0,114,1,861.0,1,0,1,1
H3C4,0,93,1,861.0,1,0,1,1
H2AC8,0,77,1,860.0,1,0,1,1
H3C10,0,93,1,860.0,1,0,1,1
H3C6,0,99,1,859.0,1,0,1,1
H3C8,0,93,1,859.0,1,0,1,1
NDRG1,0,101,1,859.0,1,0,1,1
CDKN3,0,61,1,858.0,1,0,1,1
H3C1,0,113,1,858.0,1,0,1,1
KMT2C,0,107,1,858.0,1,0,1,1
H3C11,0,93,1,857.0,1,0,1,1
H3C7,0,93,1,857.0,1,0,1,1
KLF6,0,51,1,857.0,1,0,1,1
NANOG,0,150,1,857.0,1,0,1,1
BID,0,86,1,856.0,1,0,1,1
STEAP3,0,35,1,856.0,1,0,1,1
BNIP3L,0,25,1,855.0,1,0,1,1
PLK2,0,24,1,855.0,1,0,1,1
SESN2,0,30,1,854.0,1,0,1,1
CDH1,0,343,1,853.0,1,0,1,1
PIK3R1,0,146,1,853.0,1,0,1,1
MYCN,0,560,1,852.0,1,0,1,1
PGR,0,84,1,849.0,1,0,1,1
IKBIP,0,58,1,845.0,1,0,1,1
ATRIP,0,58,1,840.0,1,0,1,1
MAGEA2B,0,9,1,839.0,1,0,1,1
MMP9,0,66,1,838.0,1,0,1,1
POLB,0,36,1,838.0,1,0,1,1
XIAP,0,132,1,836.0,1,0,1,1
DNMT3A,0,96,1,835.0,1,0,1,1
IFNG,0,76,1,834.0,1,0,1,1
CTCF,0,258,1,830.0,1,0,1,1
DRAM1,0,2,1,830.0,1,0,1,1
H4-16,0,121,1,824.0,1,0,1,1
H4C3,0,121,1,824.0,1,0,1,1
POU5F1,0,218,1,824.0,1,0,1,1
H4C5,0,121,1,822.0,1,0,1,1
H4C9,0,121,1,822.0,1,0,1,1
H4C2,0,121,1,821.0,1,0,1,1
H4C4,0,121,1,821.0,1,0,1,1
PXDN,0,73,1,821.0,1,0,1,1
PXDNL,0,53,1,821.0,1,0,1,1
FADD,0,70,1,820.0,1,0,1,1
H4C1,0,121,1,820.0,1,0,1,1
H4C12,0,121,1,820.0,1,0,1,1
H4C13,0,121,1,820.0,1,0,1,1
H4C15,0,121,1,820.0,1,0,1,1
RUNX1,0,204,1,820.0,1,0,1,1
H4C11,0,121,1,819.0,1,0,1,1
H4C8,0,121,1,819.0,1,0,1,1
ANXA5,0,125,1,818.0,1,0,1,1
LOC102723407,0,26,1,813.0,1,0,1,1
RAD9A,0,68,1,813.0,1,0,1,1
KEAP1,0,153,1,810.0,1,0,1,1
TGFB1,0,187,1,809.0,1,0,1,1
RAD17,0,57,1,807.0,1,0,1,1
CCNK,0,70,1,806.0,1,0,1,1
ATF2,0,143,1,805.0,1,0,1,1
NLRC4,0,17,1,802.0,1,0,1,1
RET,0,91,1,801.0,1,0,1,1
SREBF1,0,82,1,801.0,1,0,1,1
H2AC4,0,67,1,800.0,1,0,1,1
CDK5R1,0,30,1,798.0,1,0,1,1
MYOD1,0,94,1,797.0,1,0,1,1
SESN3,0,8,1,796.0,1,0,1,1
CASP2,0,34,1,794.0,1,0,1,1
RGCC,0,11,1,794.0,1,0,1,1
ABRAXAS2,0,6,1,790.0,1,0,1,1
NOTCH1,0,157,1,789.0,1,0,1,1
COMMD3-BMI1,0,45,1,787.0,1,0,1,1
KRT7,0,48,1,787.0,1,0,1,1
KDM6B,0,80,1,786.0,1,0,1,1
ESR2,0,723,1,783.0,1,0,1,1
IDH2,0,97,1,783.0,1,0,1,1
CNOT3,0,75,1,782.0,1,0,1,1
EGF,0,87,1,780.0,1,0,1,1
BDP1,0,34,1,778.0,1,0,1,1
IL6,0,124,1,777.0,1,0,1,1
CD274,0,213,1,776.0,1,0,1,1
CDK12,0,128,1,775.0,1,0,1,1
MMP7,0,11,1,774.0,1,0,1,1
ALK,0,215,1,772.0,1,0,1,1
PAX8,0,59,1,772.0,1,0,1,1
VDAC1,0,245,1,772.0,1,0,1,1
HLA-A,0,115,1,770.0,1,0,1,1
MGMT,0,77,1,770.0,1,0,1,1
MYB,0,85,1,770.0,1,0,1,1
VENTX,0,14,1,770.0,1,0,1,1
NSD2,0,42,1,769.0,1,0,1,1
TNFRSF10D,0,8,1,769.0,1,0,1,1
GRB2,0,298,1,766.0,1,0,1,1
POU4F1,0,7,1,766.0,1,0,1,1
STMN1,0,82,1,766.0,1,0,1,1
E2F8,0,34,1,765.0,1,0,1,1
ATG5,0,219,1,764.0,1,0,1,1
LGALS4,0,13,1,764.0,1,0,1,1
DICER1,0,107,1,762.0,1,0,1,1
KLK3,0,14,1,760.0,1,0,1,1
PRKN,0,66,1,760.0,1,0,1,1
RBL2,0,64,1,760.0,1,0,1,1
HDAC8,0,60,1,756.0,1,0,1,1
IL10,0,68,1,756.0,1,0,1,1
RABGGTA,0,25,1,756.0,1,0,1,1
STAT5A,0,87,1,755.0,1,0,1,1
FGF2,0,76,1,754.0,1,0,1,1
LMO3,0,25,1,754.0,1,0,1,1
SETD9,0,6,1,752.0,1,0,1,1
DCAF1,0,25,1,751.0,1,0,1,1
MMUT,0,11,1,751.0,1,0,1,1
SIRT3,0,51,1,750.0,1,0,1,1
SRSF2,0,175,1,750.0,1,0,1,1
SIRT6,0,336,1,748.0,1,0,1,1
MUTYH,0,35,1,746.0,1,0,1,1
IGF2,0,37,1,745.0,1,0,1,1
TTC5,0,61,1,745.0,1,0,1,1
POU4F2,0,7,1,743.0,1,0,1,1
HDAC3,0,179,1,741.0,1,0,1,1
IL2,0,59,1,741.0,1,0,1,1
TNFRSF1A,0,105,1,741.0,1,0,1,1
MAP1B,0,254,1,740.0,1,0,1,1
LIN28A,0,148,1,739.0,1,0,1,1
YWHAQ,0,392,1,739.0,1,0,1,1
PALB2,0,75,1,738.0,1,0,1,1
XPA,0,77,1,738.0,1,0,1,1
TXNDC9,0,56,1,737.0,1,0,1,1
EPAS1,0,103,1,736.0,1,0,1,1
FOXA1,0,193,1,735.0,1,0,1,1
ANK1,0,29,1,734.0,1,0,1,1
DLG4,0,51,1,734.0,1,0,1,1
HSPB2,0,68,1,733.0,1,0,1,1
HSPB3,0,32,1,733.0,1,0,1,1
MAF,0,41,1,731.0,1,0,1,1
DMD,0,44,1,730.0,1,0,1,1
GPX4,0,48,1,730.0,1,0,1,1
JAK2,0,92,1,728.0,1,0,1,1
STAT5B,0,88,1,728.0,1,0,1,1
BSG,0,207,1,727.0,1,0,1,1
CD38,0,27,1,727.0,1,0,1,1
CCAR2,0,176,1,726.0,1,0,1,1
H1-0,0,47,1,726.0,1,0,1,1
OGA,0,6,1,725.0,1,0,1,1
CITED2,0,17,1,723.0,1,0,1,1
FLT3,0,111,1,722.0,1,0,1,1
ICAM1,0,168,1,722.0,1,0,1,1
ASXL1,0,175,1,721.0,1,0,1,1
CABIN1,0,40,1,721.0,1,0,1,1
MYD88,0,67,1,721.0,1,0,1,1
HERC1,0,37,1,720.0,1,0,1,1
IGF1,0,70,1,720.0,1,0,1,1
THBS1,0,42,1,720.0,1,0,1,1
H4C7,0,51,1,719.0,1,0,1,1
PHGDH,0,207,1,719.0,1,0,1,1
CSF2,0,40,1,718.0,1,0,1,1
FASLG,0,53,1,718.0,1,0,1,1
FGFR3,0,130,1,718.0,1,0,1,1
IL1B,0,110,1,718.0,1,0,1,1
IL4,0,40,1,718.0,1,0,1,1
UBL4A,0,193,1,717.0,1,0,1,1
SKP2,0,163,1,716.0,1,0,1,1
APP,0,513,1,714.0,1,0,1,1
PPP2CB,0,110,1,714.0,1,0,1,1
TSC2,0,98,1,713.0,1,0,1,1
HUS1,0,69,1,712.0,1,0,1,1
NFYC,0,75,1,711.0,1,0,1,1
NOTCH3,0,36,1,710.0,1,0,1,1
SLC7A11,0,33,1,710.0,1,0,1,1
SERPINB5,0,52,1,709.0,1,0,1,1
EXO1,0,125,1,708.0,1,0,1,1
ZMAT3,0,11,1,708.0,1,0,1,1
MAGEA3,0,67,1,707.0,1,0,1,1
HK2,0,63,1,706.0,1,0,1,1
CD4,0,123,1,703.0,1,0,1,1
RCOR1,0,246,1,703.0,1,0,1,1
IRS1,0,100,1,702.0,1,0,1,1
NOP53,0,64,1,702.0,1,0,1,1
KHDRBS1,0,189,1,701.0,1,0,1,1
CD34,0,37,1,700.0,1,0,1,1
PRKCA,0,143,1,700.0,1,0,1,1
RPS6KB1,0,104,1,700.0,1,0,1,1
AAGAB,0,11,1,0.0,1,1,0,0
AARS,0,87,1,0.0,1,1,0,0
AASDH,0,10,1,0.0,1,1,0,0
AATF,0,189,1,0.0,1,1,0,0
AATK,0,62,1,0.0,1,1,0,0
ABCA12,0,7,1,0.0,1,1,0,0
ABCE1,0,241,1,0.0,1,1,0,0
ABCF1,0,133,1,0.0,1,1,0,0
ABCF2,0,116,1,0.0,1,1,0,0
ABHD16B,0,3,1,0.0,1,1,0,0
ABR,0,21,1,0.0,1,1,0,0
ACACA,0,212,1,0.0,1,1,0,0
ACAD10,0,20,1,0.0,1,1,0,0
ACADM,0,63,1,0.0,1,1,0,0
ACBD3,0,89,1,0.0,1,1,0,0
ACE2,0,521,1,0.0,1,1,0,0
ACKR3,0,11,1,0.0,1,1,0,0
ACLY,0,172,1,0.0,1,1,0,0
ACO2,0,112,1,0.0,1,1,0,0
ACSL4,0,62,1,0.0,1,1,0,0
ACTA2,0,115,1,0.0,1,1,0,0
ACTBL2,0,112,1,0.0,1,1,0,0
ACTG1,0,222,1,0.0,1,1,0,0
ACTN4,0,196,1,0.0,1,1,0,0
ACTR3,0,140,1,0.0,1,1,0,0
ACVR1C,0,5,1,0.0,1,1,0,0
ADAM28,0,4,1,0.0,1,1,0,0
ADAM9,0,22,1,0.0,1,1,0,0
ADAR,0,174,1,0.0,1,1,0,0
ADCK5,0,4,1,0.0,1,1,0,0
ADD1,0,78,1,0.0,1,1,0,0
ADD3,0,57,1,0.0,1,1,0,0
ADH5,0,29,1,0.0,1,1,0,0
ADNP,0,99,1,0.0,1,1,0,0
ADO,0,4,1,0.0,1,1,0,0
AGBL2,0,4,1,0.0,1,1,0,0
AGGF1,0,22,1,0.0,1,1,0,0
AGPAT6,0,27,1,0.0,1,1,0,0
AGT,0,31,1,0.0,1,1,0,0
AGTPBP1,0,27,1,0.0,1,1,0,0
AGTRAP,0,29,1,0.0,1,1,0,0
AHCTF1,0,73,1,0.0,1,1,0,0
AHCY,0,154,1,0.0,1,1,0,0
AHNAK,0,143,1,0.0,1,1,0,0
AIFM1,0,221,1,0.0,1,1,0,0
AIP,0,59,1,0.0,1,1,0,0
AIPL1,0,16,1,0.0,1,1,0,0
AKAP12,0,59,1,0.0,1,1,0,0
AKAP5,0,25,1,0.0,1,1,0,0
AKAP8L,0,118,1,0.0,1,1,0,0
AKR1A1,0,25,1,0.0,1,1,0,0
ALDH18A1,0,103,1,0.0,1,1,0,0
ALG6,0,11,1,0.0,1,1,0,0
ALKBH5,0,38,1,0.0,1,1,0,0
ALYREF,0,227,1,0.0,1,1,0,0
ANAPC2,0,118,1,0.0,1,1,0,0
ANG,0,6,1,0.0,1,1,0,0
ANKRD2,0,6,1,0.0,1,1,0,0
ANKRD26,0,50,1,0.0,1,1,0,0
ANKRD27,0,17,1,0.0,1,1,0,0
ANKRD36C,0,6,1,0.0,1,1,0,0
ANKRD49,0,21,1,0.0,1,1,0,0
ANP32E,0,69,1,0.0,1,1,0,0
ANXA11,0,48,1,0.0,1,1,0,0
ANXA3,0,15,1,0.0,1,1,0,0
ANXA7,0,81,1,0.0,1,1,0,0
AP1B1,0,79,1,0.0,1,1,0,0
AP1G1,0,66,1,0.0,1,1,0,0
AP2B1,0,148,1,0.0,1,1,0,0
AP3B1,0,83,1,0.0,1,1,0,0
AP3B2,0,15,1,0.0,1,1,0,0
AP3D1,0,82,1,0.0,1,1,0,0
APBB2,0,20,1,0.0,1,1,0,0
APC,0,141,1,0.0,1,1,0,0
APEH,0,38,1,0.0,1,1,0,0
APEX2,0,23,1,0.0,1,1,0,0
APOH,0,14,1,0.0,1,1,0,0
APPL1,0,77,1,0.0,1,1,0,0
APTX,0,36,1,0.0,1,1,0,0
ARAF,0,220,1,0.0,1,1,0,0
ARG1,0,79,1,0.0,1,1,0,0
ARGLU1,0,81,1,0.0,1,1,0,0
ARHGAP20,0,11,1,0.0,1,1,0,0
ARHGAP33,0,3,1,0.0,1,1,0,0
ARHGAP5,0,27,1,0.0,1,1,0,0
ARHGEF17,0,20,1,0.0,1,1,0,0
ARHGEF26,0,13,1,0.0,1,1,0,0
ARHGEF4,0,30,1,0.0,1,1,0,0
ARID3B,0,51,1,0.0,1,1,0,0
ARID5B,0,33,1,0.0,1,1,0,0
ARIH2,0,166,1,0.0,1,1,0,0
ARL14EPL,0,1,1,0.0,1,1,0,0
ARL3,0,25,1,0.0,1,1,0,0
ARL6IP1,0,94,1,0.0,1,1,0,0
ARL6IP4,0,53,1,0.0,1,1,0,0
ARL6IP5,0,51,1,0.0,1,1,0,0
ARMCX5,0,9,1,0.0,1,1,0,0
ARNT,0,134,1,0.0,1,1,0,0
ARPP21,0,1,1,0.0,1,1,0,0
ARRB1,0,155,1,0.0,1,1,0,0
ARRDC1,0,27,1,0.0,1,1,0,0
ASF1A,0,149,1,0.0,1,1,0,0
ASH2L,0,173,1,0.0,1,1,0,0
ASPH,0,91,1,0.0,1,1,0,0
ASPM,0,89,1,0.0,1,1,0,0
ASTL,0,4,1,0.0,1,1,0,0
ATF7IP,0,48,1,0.0,1,1,0,0
ATIC,0,92,1,0.0,1,1,0,0
ATN1,0,66,1,0.0,1,1,0,0
ATP1A1,0,260,1,0.0,1,1,0,0
ATP2A2,0,146,1,0.0,1,1,0,0
ATP2C1,0,20,1,0.0,1,1,0,0
ATP5A1,0,265,1,0.0,1,1,0,0
ATP5O,0,129,1,0.0,1,1,0,0
ATP6V0A1,0,41,1,0.0,1,1,0,0
ATP8A2,0,3,1,0.0,1,1,0,0
ATXN3,0,255,1,0.0,1,1,0,0
AZGP1,0,50,1,0.0,1,1,0,0
B4GALT7,0,15,1,0.0,1,1,0,0
BAAT,0,12,1,0.0,1,1,0,0
BABAM1,0,44,1,0.0,1,1,0,0
BACH1,0,49,1,0.0,1,1,0,0
BACH2,0,29,1,0.0,1,1,0,0
BAG6,0,166,1,0.0,1,1,0,0
BAIAP2L1,0,50,1,0.0,1,1,0,0
BAP1,0,618,1,0.0,1,1,0,0
BAZ1B,0,114,1,0.0,1,1,0,0
BBS7,0,30,1,0.0,1,1,0,0
BCAP31,0,158,1,0.0,1,1,0,0
BCAS3,0,47,1,0.0,1,1,0,0
BCCIP,0,83,1,0.0,1,1,0,0
BCL2L12,0,19,1,0.0,1,1,0,0
BCOR,0,133,1,0.0,1,1,0,0
BCORL1,0,43,1,0.0,1,1,0,0
BCR,0,105,1,0.0,1,1,0,0
BDKRB1,0,13,1,0.0,1,1,0,0
BHLHE40,0,45,1,0.0,1,1,0,0
BICD1,0,87,1,0.0,1,1,0,0
BIRC3,0,640,1,0.0,1,1,0,0
BIRC6,0,77,1,0.0,1,1,0,0
BLMH,0,63,1,0.0,1,1,0,0
BMP1,0,19,1,0.0,1,1,0,0
BMS1,0,168,1,0.0,1,1,0,0
BNC2,0,7,1,0.0,1,1,0,0
BOP1,0,165,1,0.0,1,1,0,0
BPTF,0,119,1,0.0,1,1,0,0
BRAP,0,51,1,0.0,1,1,0,0
BRCC3,0,92,1,0.0,1,1,0,0
BRD2,0,196,1,0.0,1,1,0,0
BRD3,0,187,1,0.0,1,1,0,0
BRD8,0,70,1,0.0,1,1,0,0
BRDT,0,48,1,0.0,1,1,0,0
BRE,0,49,1,0.0,1,1,0,0
BRF1,0,54,1,0.0,1,1,0,0
BRINP1,0,19,1,0.0,1,1,0,0
BRSK2,0,12,1,0.0,1,1,0,0
BTBD2,0,32,1,0.0,1,1,0,0
BTF3,0,385,1,0.0,1,1,0,0
BTK,0,63,1,0.0,1,1,0,0
C10ORF90,0,7,1,0.0,1,1,0,0
C11ORF30,0,72,1,0.0,1,1,0,0
C11ORF68,0,7,1,0.0,1,1,0,0
C12ORF49,0,63,1,0.0,1,1,0,0
C12ORF5,0,24,1,0.0,1,1,0,0
C14ORF37,0,3,1,0.0,1,1,0,0
C14ORF80,0,22,1,0.0,1,1,0,0
C15ORF39,0,29,1,0.0,1,1,0,0
C16ORF59,0,5,1,0.0,1,1,0,0
C16ORF72,0,295,1,0.0,1,1,0,0
C18ORF21,0,41,1,0.0,1,1,0,0
C18ORF25,0,45,1,0.0,1,1,0,0
C19ORF38,0,15,1,0.0,1,1,0,0
C19ORF40,0,12,1,0.0,1,1,0,0
C19ORF44,0,10,1,0.0,1,1,0,0
C19ORF47,0,15,1,0.0,1,1,0,0
C1ORF111,0,7,1,0.0,1,1,0,0
C1ORF27,0,28,1,0.0,1,1,0,0
C1ORF86,0,16,1,0.0,1,1,0,0
C2ORF44,0,49,1,0.0,1,1,0,0
C4B,0,9,1,0.0,1,1,0,0
C4BPB,0,4,1,0.0,1,1,0,0
C4ORF32,0,17,1,0.0,1,1,0,0
C6ORF201,0,6,1,0.0,1,1,0,0
C9ORF78,0,228,1,0.0,1,1,0,0
CAB39,0,27,1,0.0,1,1,0,0
CABLES2,0,9,1,0.0,1,1,0,0
CAD,0,227,1,0.0,1,1,0,0
CADM2,0,2,1,0.0,1,1,0,0
CADM4,0,10,1,0.0,1,1,0,0
CAGE1,0,9,1,0.0,1,1,0,0
CALD1,0,112,1,0.0,1,1,0,0
CANX,0,323,1,0.0,1,1,0,0
CAP2,0,27,1,0.0,1,1,0,0
CAPG,0,32,1,0.0,1,1,0,0
CAPN7,0,14,1,0.0,1,1,0,0
CAPN8,0,5,1,0.0,1,1,0,0
CAPZA1,0,175,1,0.0,1,1,0,0
CAPZB,0,480,1,0.0,1,1,0,0
CASC5,0,46,1,0.0,1,1,0,0
CASP14,0,72,1,0.0,1,1,0,0
CAT,0,70,1,0.0,1,1,0,0
CBL,0,211,1,0.0,1,1,0,0
CBLB,0,42,1,0.0,1,1,0,0
CBLC,0,37,1,0.0,1,1,0,0
CBX4,0,122,1,0.0,1,1,0,0
CC2D2B,0,2,1,0.0,1,1,0,0
CCAR1,0,98,1,0.0,1,1,0,0
CCDC174,0,12,1,0.0,1,1,0,0
CCDC175,0,2,1,0.0,1,1,0,0
CCDC3,0,4,1,0.0,1,1,0,0
CCDC54,0,2,1,0.0,1,1,0,0
CCDC6,0,118,1,0.0,1,1,0,0
CCDC86,0,80,1,0.0,1,1,0,0
CCDC91,0,12,1,0.0,1,1,0,0
CCL18,0,9,1,0.0,1,1,0,0
CCNF,0,832,1,0.0,1,1,0,0
CCNL1,0,29,1,0.0,1,1,0,0
CCNT1,0,136,1,0.0,1,1,0,0
CCT6B,0,74,1,0.0,1,1,0,0
CD2BP2,0,110,1,0.0,1,1,0,0
CD47,0,24,1,0.0,1,1,0,0
CD69,0,17,1,0.0,1,1,0,0
CD81,0,141,1,0.0,1,1,0,0
CDC123,0,623,1,0.0,1,1,0,0
CDC14A,0,63,1,0.0,1,1,0,0
CDC14B,0,62,1,0.0,1,1,0,0
CDC20,0,185,1,0.0,1,1,0,0
CDC23,0,115,1,0.0,1,1,0,0
CDC7,0,78,1,0.0,1,1,0,0
CDCA4,0,17,1,0.0,1,1,0,0
CDIPT,0,60,1,0.0,1,1,0,0
CDK11A,0,93,1,0.0,1,1,0,0
CDK11B,0,88,1,0.0,1,1,0,0
CDKL2,0,31,1,0.0,1,1,0,0
CDKN2AIP,0,67,1,0.0,1,1,0,0
CDS2,0,21,1,0.0,1,1,0,0
CDY1,0,21,1,0.0,1,1,0,0
CEBPZ,0,161,1,0.0,1,1,0,0
CECR2,0,31,1,0.0,1,1,0,0
CELA2B,0,14,1,0.0,1,1,0,0
CENPA,0,224,1,0.0,1,1,0,0
CENPE,0,72,1,0.0,1,1,0,0
CENPH,0,48,1,0.0,1,1,0,0
CENPJ,0,82,1,0.0,1,1,0,0
CEP120,0,38,1,0.0,1,1,0,0
CEP128,0,102,1,0.0,1,1,0,0
CEP135,0,77,1,0.0,1,1,0,0
CEP152,0,67,1,0.0,1,1,0,0
CEP164,0,49,1,0.0,1,1,0,0
CEP170B,0,34,1,0.0,1,1,0,0
CEP192,0,82,1,0.0,1,1,0,0
CEP295,0,33,1,0.0,1,1,0,0
CEP350,0,74,1,0.0,1,1,0,0
CEP55,0,124,1,0.0,1,1,0,0
CEPT1,0,33,1,0.0,1,1,0,0
CETP,0,5,1,0.0,1,1,0,0
CFTR,0,512,1,0.0,1,1,0,0
CGNL1,0,30,1,0.0,1,1,0,0
CHD7,0,77,1,0.0,1,1,0,0
CHD8,0,106,1,0.0,1,1,0,0
CHM,0,13,1,0.0,1,1,0,0
CHMP4B,0,315,1,0.0,1,1,0,0
CHORDC1,0,49,1,0.0,1,1,0,0
CHPT1,0,12,1,0.0,1,1,0,0
CHRFAM7A,0,2,1,0.0,1,1,0,0
CHST9,0,4,1,0.0,1,1,0,0
CIC,0,350,1,0.0,1,1,0,0
CIRH1A,0,79,1,0.0,1,1,0,0
CIT,0,580,1,0.0,1,1,0,0
CKAP2,0,68,1,0.0,1,1,0,0
CKAP2L,0,26,1,0.0,1,1,0,0
CKAP4,0,196,1,0.0,1,1,0,0
CKS2,0,33,1,0.0,1,1,0,0
CLCA3P,0,1,1,0.0,1,1,0,0
CLCN7,0,31,1,0.0,1,1,0,0
CLDND2,0,3,1,0.0,1,1,0,0
CLEC4D,0,91,1,0.0,1,1,0,0
CLEC4E,0,110,1,0.0,1,1,0,0
CLIP2,0,14,1,0.0,1,1,0,0
CLK3,0,83,1,0.0,1,1,0,0
CLPB,0,83,1,0.0,1,1,0,0
CLPTM1,0,32,1,0.0,1,1,0,0
CLSPN,0,83,1,0.0,1,1,0,0
CLTA,0,154,1,0.0,1,1,0,0
CLTB,0,73,1,0.0,1,1,0,0
CLTC,0,297,1,0.0,1,1,0,0
CLUAP1,0,69,1,0.0,1,1,0,0
CLUH,0,51,1,0.0,1,1,0,0
CMTM6,0,12,1,0.0,1,1,0,0
CMTR1,0,135,1,0.0,1,1,0,0
CNBP,0,158,1,0.0,1,1,0,0
CNIH3,0,4,1,0.0,1,1,0,0
CNIH4,0,12,1,0.0,1,1,0,0
CNKSR2,0,11,1,0.0,1,1,0,0
CNTD1,0,3,1,0.0,1,1,0,0
CNTRL,0,80,1,0.0,1,1,0,0
COA1,0,7,1,0.0,1,1,0,0
COL14A1,0,20,1,0.0,1,1,0,0
COL6A5,0,8,1,0.0,1,1,0,0
COLQ,0,10,1,0.0,1,1,0,0
COPB1,0,135,1,0.0,1,1,0,0
COPB2,0,146,1,0.0,1,1,0,0
COPG1,0,99,1,0.0,1,1,0,0
COPS2,0,119,1,0.0,1,1,0,0
COPS3,0,131,1,0.0,1,1,0,0
COPS4,0,100,1,0.0,1,1,0,0
COPS6,0,211,1,0.0,1,1,0,0
COPS7A,0,75,1,0.0,1,1,0,0
COPS8,0,63,1,0.0,1,1,0,0
COQ9,0,32,1,0.0,1,1,0,0
CORO1C,0,137,1,0.0,1,1,0,0
CORO7,0,26,1,0.0,1,1,0,0
COX17,0,27,1,0.0,1,1,0,0
COX7C,0,31,1,0.0,1,1,0,0
CPA5,0,6,1,0.0,1,1,0,0
CPN1,0,3,1,0.0,1,1,0,0
CPNE3,0,63,1,0.0,1,1,0,0
CPNE7,0,22,1,0.0,1,1,0,0
CPSF7,0,149,1,0.0,1,1,0,0
CPT1A,0,59,1,0.0,1,1,0,0
CRBN,0,121,1,0.0,1,1,0,0
CREBZF,0,13,1,0.0,1,1,0,0
CRK,0,156,1,0.0,1,1,0,0
CRTC2,0,42,1,0.0,1,1,0,0
CRYGC,0,5,1,0.0,1,1,0,0
CSDE1,0,150,1,0.0,1,1,0,0
CSN3,0,9,1,0.0,1,1,0,0
CSNK1A1L,0,29,1,0.0,1,1,0,0
CSNK1G3,0,37,1,0.0,1,1,0,0
CSRP2BP,0,57,1,0.0,1,1,0,0
CST6,0,31,1,0.0,1,1,0,0
CSTA,0,65,1,0.0,1,1,0,0
CTBP2,0,155,1,0.0,1,1,0,0
CTBS,0,5,1,0.0,1,1,0,0
CTR9,0,143,1,0.0,1,1,0,0
CTSB,0,104,1,0.0,1,1,0,0
CTSL,0,101,1,0.0,1,1,0,0
CTSS,0,63,1,0.0,1,1,0,0
CUL2,0,302,1,0.0,1,1,0,0
CUL3,0,1008,1,0.0,1,1,0,0
CUL4B,0,353,1,0.0,1,1,0,0
CWF19L2,0,60,1,0.0,1,1,0,0
CXORF57,0,29,1,0.0,1,1,0,0
CXXC1,0,70,1,0.0,1,1,0,0
CYP20A1,0,9,1,0.0,1,1,0,0
DAB2IP,0,33,1,0.0,1,1,0,0
DACH1,0,46,1,0.0,1,1,0,0
DACT1,0,15,1,0.0,1,1,0,0
DAD1,0,36,1,0.0,1,1,0,0
DAOA,0,1,1,0.0,1,1,0,0
DAPK3,0,45,1,0.0,1,1,0,0
DAZAP2,0,37,1,0.0,1,1,0,0
DBN1,0,173,1,0.0,1,1,0,0
DBR1,0,26,1,0.0,1,1,0,0
DCAF10,0,52,1,0.0,1,1,0,0
DCAF12,0,70,1,0.0,1,1,0,0
DCAF13,0,164,1,0.0,1,1,0,0
DCAF7,0,176,1,0.0,1,1,0,0
DCD,0,118,1,0.0,1,1,0,0
DCLRE1C,0,34,1,0.0,1,1,0,0
DCP1A,0,89,1,0.0,1,1,0,0
DCST1,0,5,1,0.0,1,1,0,0
DCTN2,0,151,1,0.0,1,1,0,0
DCUN1D1,0,132,1,0.0,1,1,0,0
DDI2,0,53,1,0.0,1,1,0,0
DDRGK1,0,529,1,0.0,1,1,0,0
DDX1,0,194,1,0.0,1,1,0,0
DDX10,0,128,1,0.0,1,1,0,0
DDX11,0,21,1,0.0,1,1,0,0
DDX11L8,0,3,1,0.0,1,1,0,0
DDX18,0,214,1,0.0,1,1,0,0
DDX21,0,322,1,0.0,1,1,0,0
DDX24,0,299,1,0.0,1,1,0,0
DDX27,0,169,1,0.0,1,1,0,0
DDX31,0,117,1,0.0,1,1,0,0
DDX46,0,125,1,0.0,1,1,0,0
DDX50,0,131,1,0.0,1,1,0,0
DDX54,0,196,1,0.0,1,1,0,0
DDX60,0,53,1,0.0,1,1,0,0
DECR1,0,39,1,0.0,1,1,0,0
DEFB125,0,3,1,0.0,1,1,0,0
DGCR14,0,65,1,0.0,1,1,0,0
DGKZ,0,45,1,0.0,1,1,0,0
DHRS4,0,20,1,0.0,1,1,0,0
DHX15,0,300,1,0.0,1,1,0,0
DHX16,0,102,1,0.0,1,1,0,0
DHX30,0,216,1,0.0,1,1,0,0
DHX36,0,122,1,0.0,1,1,0,0
DHX38,0,101,1,0.0,1,1,0,0
DHX40,0,111,1,0.0,1,1,0,0
DHX9,0,358,1,0.0,1,1,0,0
DIS3,0,85,1,0.0,1,1,0,0
DIS3L2,0,24,1,0.0,1,1,0,0
DKK2,0,16,1,0.0,1,1,0,0
DLD,0,205,1,0.0,1,1,0,0
DLEU1,0,8,1,0.0,1,1,0,0
DLG5,0,73,1,0.0,1,1,0,0
DLST,0,206,1,0.0,1,1,0,0
DNAH10,0,14,1,0.0,1,1,0,0
DNAH17,0,10,1,0.0,1,1,0,0
DNAJA2,0,243,1,0.0,1,1,0,0
DNAJA3,0,147,1,0.0,1,1,0,0
DNAJB6,0,162,1,0.0,1,1,0,0
DNAJC7,0,182,1,0.0,1,1,0,0
DNM2,0,103,1,0.0,1,1,0,0
DNMT3L,0,56,1,0.0,1,1,0,0
DOCK7,0,124,1,0.0,1,1,0,0
DOK7,0,6,1,0.0,1,1,0,0
DOT1L,0,425,1,0.0,1,1,0,0
DPH1,0,27,1,0.0,1,1,0,0
DPP4,0,149,1,0.0,1,1,0,0
DPP6,0,3,1,0.0,1,1,0,0
DPP9,0,33,1,0.0,1,1,0,0
DPY19L1,0,14,1,0.0,1,1,0,0
DRG1,0,197,1,0.0,1,1,0,0
DSC1,0,73,1,0.0,1,1,0,0
DSC3,0,44,1,0.0,1,1,0,0
DSCC1,0,15,1,0.0,1,1,0,0
DSG1,0,101,1,0.0,1,1,0,0
DSG2,0,111,1,0.0,1,1,0,0
DSP,0,224,1,0.0,1,1,0,0
DTX3,0,51,1,0.0,1,1,0,0
DVL2,0,209,1,0.0,1,1,0,0
DYNC1H1,0,240,1,0.0,1,1,0,0
DYNC1I2,0,148,1,0.0,1,1,0,0
DYNC2H1,0,41,1,0.0,1,1,0,0
DYNLL1,0,200,1,0.0,1,1,0,0
DYTN,0,1,1,0.0,1,1,0,0
DZIP1,0,14,1,0.0,1,1,0,0
DZIP3,0,87,1,0.0,1,1,0,0
EAF2,0,27,1,0.0,1,1,0,0
EBNA1BP2,0,195,1,0.0,1,1,0,0
ECD,0,47,1,0.0,1,1,0,0
ECT2,0,372,1,0.0,1,1,0,0
EDC4,0,110,1,0.0,1,1,0,0
EDEM1,0,61,1,0.0,1,1,0,0
EEA1,0,63,1,0.0,1,1,0,0
EEF1A1,0,384,1,0.0,1,1,0,0
EEF1A1P5,0,70,1,0.0,1,1,0,0
EFEMP2,0,16,1,0.0,1,1,0,0
EFNA4,0,90,1,0.0,1,1,0,0
EFNB2,0,29,1,0.0,1,1,0,0
EFTUD2,0,684,1,0.0,1,1,0,0
EGLN3,0,468,1,0.0,1,1,0,0
EIF2B3,0,51,1,0.0,1,1,0,0
EIF2S2,0,179,1,0.0,1,1,0,0
EIF2S3,0,202,1,0.0,1,1,0,0
EIF3A,0,196,1,0.0,1,1,0,0
EIF3B,0,187,1,0.0,1,1,0,0
EIF3C,0,174,1,0.0,1,1,0,0
EIF3E,0,161,1,0.0,1,1,0,0
EIF3F,0,205,1,0.0,1,1,0,0
EIF3G,0,152,1,0.0,1,1,0,0
EIF3H,0,194,1,0.0,1,1,0,0
EIF3I,0,213,1,0.0,1,1,0,0
EIF3L,0,152,1,0.0,1,1,0,0
EIF3M,0,146,1,0.0,1,1,0,0
EIF4B,0,201,1,0.0,1,1,0,0
EIF4E2,0,87,1,0.0,1,1,0,0
EIF5AL1,0,77,1,0.0,1,1,0,0
EIF5B,0,189,1,0.0,1,1,0,0
ELL3,0,18,1,0.0,1,1,0,0
ELOVL1,0,25,1,0.0,1,1,0,0
ELP2,0,51,1,0.0,1,1,0,0
EMC1,0,132,1,0.0,1,1,0,0
EML4,0,93,1,0.0,1,1,0,0
ENAH,0,45,1,0.0,1,1,0,0
EPB41,0,64,1,0.0,1,1,0,0
EPB41L2,0,138,1,0.0,1,1,0,0
EPB41L3,0,101,1,0.0,1,1,0,0
EPG5,0,6,1,0.0,1,1,0,0
EPHA2,0,200,1,0.0,1,1,0,0
EPHA3,0,34,1,0.0,1,1,0,0
EPPK1,0,81,1,0.0,1,1,0,0
EPRS,0,217,1,0.0,1,1,0,0
ERBB3,0,109,1,0.0,1,1,0,0
ERCC8,0,110,1,0.0,1,1,0,0
ERH,0,138,1,0.0,1,1,0,0
ERI3,0,12,1,0.0,1,1,0,0
ERN1,0,40,1,0.0,1,1,0,0
ESRRA,0,44,1,0.0,1,1,0,0
ESRRG,0,28,1,0.0,1,1,0,0
ESYT1,0,117,1,0.0,1,1,0,0
ESYT2,0,105,1,0.0,1,1,0,0
ETHE1,0,18,1,0.0,1,1,0,0
ETV1,0,21,1,0.0,1,1,0,0
EVL,0,26,1,0.0,1,1,0,0
EXOC3,0,36,1,0.0,1,1,0,0
EXOSC1,0,72,1,0.0,1,1,0,0
EXOSC10,0,175,1,0.0,1,1,0,0
EXOSC4,0,111,1,0.0,1,1,0,0
EXOSC7,0,85,1,0.0,1,1,0,0
EXOSC8,0,91,1,0.0,1,1,0,0
EXOSC9,0,101,1,0.0,1,1,0,0
EYA3,0,30,1,0.0,1,1,0,0
EZR,0,210,1,0.0,1,1,0,0
FAM111A,0,35,1,0.0,1,1,0,0
FAM115A,0,41,1,0.0,1,1,0,0
FAM133A,0,25,1,0.0,1,1,0,0
FAM133B,0,19,1,0.0,1,1,0,0
FAM173A,0,5,1,0.0,1,1,0,0
FAM174A,0,37,1,0.0,1,1,0,0
FAM175B,0,42,1,0.0,1,1,0,0
FAM178A,0,16,1,0.0,1,1,0,0
FAM188B,0,45,1,0.0,1,1,0,0
FAM198B,0,2,1,0.0,1,1,0,0
FAM217A,0,1,1,0.0,1,1,0,0
FAM21A,0,55,1,0.0,1,1,0,0
FAM21C,0,33,1,0.0,1,1,0,0
FAM24A,0,1,1,0.0,1,1,0,0
FAM35A,0,23,1,0.0,1,1,0,0
FAM47E-STBD1,0,1,1,0.0,1,1,0,0
FAM50A,0,56,1,0.0,1,1,0,0
FAM83D,0,37,1,0.0,1,1,0,0
FAM91A1,0,38,1,0.0,1,1,0,0
FARP2,0,48,1,0.0,1,1,0,0
FARSA,0,94,1,0.0,1,1,0,0
FARSB,0,79,1,0.0,1,1,0,0
FASN,0,408,1,0.0,1,1,0,0
FAU,0,214,1,0.0,1,1,0,0
FBL,0,331,1,0.0,1,1,0,0
FBRS,0,42,1,0.0,1,1,0,0
FBRSL1,0,27,1,0.0,1,1,0,0
FBXL15,0,22,1,0.0,1,1,0,0
FBXL6,0,247,1,0.0,1,1,0,0
FBXL8,0,8,1,0.0,1,1,0,0
FBXO21,0,27,1,0.0,1,1,0,0
FBXO22,0,175,1,0.0,1,1,0,0
FBXO4,0,28,1,0.0,1,1,0,0
FBXO46,0,17,1,0.0,1,1,0,0
FBXW11,0,198,1,0.0,1,1,0,0
FCAMR,0,1,1,0.0,1,1,0,0
FCRL6,0,1,1,0.0,1,1,0,0
FERMT2,0,64,1,0.0,1,1,0,0
FEV,0,95,1,0.0,1,1,0,0
FGD6,0,19,1,0.0,1,1,0,0
FGF10,0,33,1,0.0,1,1,0,0
FGFR4,0,148,1,0.0,1,1,0,0
FHAD1,0,3,1,0.0,1,1,0,0
FHIT,0,11,1,0.0,1,1,0,0
FKBP10,0,40,1,0.0,1,1,0,0
FKBP3,0,70,1,0.0,1,1,0,0
FKBP4,0,126,1,0.0,1,1,0,0
FKBP5,0,173,1,0.0,1,1,0,0
FLG2,0,68,1,0.0,1,1,0,0
FLI1,0,30,1,0.0,1,1,0,0
FLNA,0,283,1,0.0,1,1,0,0
FLNB,0,156,1,0.0,1,1,0,0
FLVCR1,0,16,1,0.0,1,1,0,0
FN3KRP,0,35,1,0.0,1,1,0,0
FOXA3,0,20,1,0.0,1,1,0,0
FOXB1,0,53,1,0.0,1,1,0,0
FOXC1,0,126,1,0.0,1,1,0,0
FOXG1,0,40,1,0.0,1,1,0,0
FOXJ3,0,19,1,0.0,1,1,0,0
FOXK1,0,111,1,0.0,1,1,0,0
FOXK2,0,93,1,0.0,1,1,0,0
FOXN1,0,17,1,0.0,1,1,0,0
FOXP1,0,120,1,0.0,1,1,0,0
FOXP2,0,31,1,0.0,1,1,0,0
FOXP4,0,32,1,0.0,1,1,0,0
FOXQ1,0,72,1,0.0,1,1,0,0
FOXS1,0,34,1,0.0,1,1,0,0
FRMD6,0,19,1,0.0,1,1,0,0
FSIP2,0,12,1,0.0,1,1,0,0
FTH1,0,64,1,0.0,1,1,0,0
FTSJ3,0,228,1,0.0,1,1,0,0
FUBP3,0,137,1,0.0,1,1,0,0
FURIN,0,95,1,0.0,1,1,0,0
FUS,0,357,1,0.0,1,1,0,0
FUT10,0,2,1,0.0,1,1,0,0
FXR1,0,280,1,0.0,1,1,0,0
FXYD6,0,7,1,0.0,1,1,0,0
FZR1,0,522,1,0.0,1,1,0,0
G3BP2,0,250,1,0.0,1,1,0,0
GAA,0,31,1,0.0,1,1,0,0
GABARAPL2,0,68,1,0.0,1,1,0,0
GABRB2,0,2,1,0.0,1,1,0,0
GABRG3,0,5,1,0.0,1,1,0,0
GAK,0,78,1,0.0,1,1,0,0
GANAB,0,149,1,0.0,1,1,0,0
GAPDHS,0,40,1,0.0,1,1,0,0
GARS,0,122,1,0.0,1,1,0,0
GART,0,141,1,0.0,1,1,0,0
GAS5,0,9,1,0.0,1,1,0,0
GATA2,0,105,1,0.0,1,1,0,0
GATA4,0,220,1,0.0,1,1,0,0
GATAD2A,0,107,1,0.0,1,1,0,0
GATAD2B,0,115,1,0.0,1,1,0,0
GBP2,0,32,1,0.0,1,1,0,0
GBP6,0,10,1,0.0,1,1,0,0
GCN1L1,0,148,1,0.0,1,1,0,0
GEMIN5,0,138,1,0.0,1,1,0,0
GFAP,0,91,1,0.0,1,1,0,0
GFM1,0,126,1,0.0,1,1,0,0
GFM2,0,50,1,0.0,1,1,0,0
GFPT2,0,35,1,0.0,1,1,0,0
GGA1,0,49,1,0.0,1,1,0,0
GGA2,0,28,1,0.0,1,1,0,0
GGA3,0,52,1,0.0,1,1,0,0
GHITM,0,20,1,0.0,1,1,0,0
GID8,0,36,1,0.0,1,1,0,0
GIGYF2,0,124,1,0.0,1,1,0,0
GJA5,0,10,1,0.0,1,1,0,0
GK2,0,6,1,0.0,1,1,0,0
GLCCI1,0,15,1,0.0,1,1,0,0
GLI1,0,75,1,0.0,1,1,0,0
GLIS1,0,11,1,0.0,1,1,0,0
GLRA1,0,2,1,0.0,1,1,0,0
GLTSCR1L,0,14,1,0.0,1,1,0,0
GLTSCR2,0,142,1,0.0,1,1,0,0
GMPS,0,103,1,0.0,1,1,0,0
GNB2,0,203,1,0.0,1,1,0,0
GNB2L1,0,351,1,0.0,1,1,0,0
GNL2,0,212,1,0.0,1,1,0,0
GNL3L,0,137,1,0.0,1,1,0,0
GNPNAT1,0,17,1,0.0,1,1,0,0
GNS,0,51,1,0.0,1,1,0,0
GOLGA2P5,0,1,1,0.0,1,1,0,0
GP6,0,11,1,0.0,1,1,0,0
GPATCH8,0,50,1,0.0,1,1,0,0
GPCPD1,0,3,1,0.0,1,1,0,0
GPER1,0,11,1,0.0,1,1,0,0
GPHN,0,38,1,0.0,1,1,0,0
GPR156,0,18,1,0.0,1,1,0,0
GPS1,0,99,1,0.0,1,1,0,0
GPS2,0,56,1,0.0,1,1,0,0
GPSM3,0,19,1,0.0,1,1,0,0
GRIN2B,0,34,1,0.0,1,1,0,0
GRWD1,0,274,1,0.0,1,1,0,0
GSE1,0,61,1,0.0,1,1,0,0
GSG2,0,51,1,0.0,1,1,0,0
GSN,0,83,1,0.0,1,1,0,0
GSPT1,0,187,1,0.0,1,1,0,0
GSR,0,59,1,0.0,1,1,0,0
GSTM4,0,12,1,0.0,1,1,0,0
GSTO1,0,44,1,0.0,1,1,0,0
GTF2A1,0,84,1,0.0,1,1,0,0
GTF2E1,0,102,1,0.0,1,1,0,0
GTF2E2,0,118,1,0.0,1,1,0,0
GTF2F1,0,138,1,0.0,1,1,0,0
GTF2H4,0,94,1,0.0,1,1,0,0
GTF2I,0,201,1,0.0,1,1,0,0
GTF3C2,0,91,1,0.0,1,1,0,0
GTF3C3,0,115,1,0.0,1,1,0,0
GTF3C4,0,108,1,0.0,1,1,0,0
GTPBP1,0,72,1,0.0,1,1,0,0
GTPBP2,0,20,1,0.0,1,1,0,0
GTPBP4,0,246,1,0.0,1,1,0,0
GUCY1A3,0,17,1,0.0,1,1,0,0
GYPC,0,11,1,0.0,1,1,0,0
GYS2,0,12,1,0.0,1,1,0,0
H1F0,0,123,1,0.0,1,1,0,0
H2AFX,0,296,1,0.0,1,1,0,0
HABP4,0,108,1,0.0,1,1,0,0
HADHA,0,209,1,0.0,1,1,0,0
HADHB,0,197,1,0.0,1,1,0,0
HAGH,0,34,1,0.0,1,1,0,0
HAL,0,33,1,0.0,1,1,0,0
HAUS1,0,55,1,0.0,1,1,0,0
HAUS3,0,37,1,0.0,1,1,0,0
HAUS4,0,48,1,0.0,1,1,0,0
HBB,0,48,1,0.0,1,1,0,0
HBS1L,0,121,1,0.0,1,1,0,0
HCFC1,0,178,1,0.0,1,1,0,0
HDAC9,0,56,1,0.0,1,1,0,0
HDC,0,3,1,0.0,1,1,0,0
HDLBP,0,339,1,0.0,1,1,0,0
HECTD1,0,427,1,0.0,1,1,0,0
HECTD3,0,45,1,0.0,1,1,0,0
HECW1,0,18,1,0.0,1,1,0,0
HECW2,0,114,1,0.0,1,1,0,0
HELLS,0,100,1,0.0,1,1,0,0
HERC3,0,23,1,0.0,1,1,0,0
HERC5,0,135,1,0.0,1,1,0,0
HERC6,0,14,1,0.0,1,1,0,0
HEXIM1,0,439,1,0.0,1,1,0,0
HGS,0,159,1,0.0,1,1,0,0
HIF1AN,0,118,1,0.0,1,1,0,0
HILS1,0,1,1,0.0,1,1,0,0
HINFP,0,20,1,0.0,1,1,0,0
HINT3,0,9,1,0.0,1,1,0,0
HIST1H1C,0,271,1,0.0,1,1,0,0
HIST1H1D,0,140,1,0.0,1,1,0,0
HIST1H2AB,0,252,1,0.0,1,1,0,0
HIST1H2AE,0,72,1,0.0,1,1,0,0
HIST1H2AJ,0,61,1,0.0,1,1,0,0
HIST1H2BB,0,213,1,0.0,1,1,0,0
HIST1H2BL,0,89,1,0.0,1,1,0,0
HIST1H4A,0,755,1,0.0,1,1,0,0
HIST2H2BE,0,289,1,0.0,1,1,0,0
HIVEP1,0,68,1,0.0,1,1,0,0
HM13,0,54,1,0.0,1,1,0,0
HMX1,0,1,1,0.0,1,1,0,0
HN1L,0,30,1,0.0,1,1,0,0
HNRNPA0,0,167,1,0.0,1,1,0,0
HNRNPA1,0,416,1,0.0,1,1,0,0
HNRNPA2B1,0,335,1,0.0,1,1,0,0
HNRNPD,0,299,1,0.0,1,1,0,0
HNRNPF,0,264,1,0.0,1,1,0,0
HNRNPH1,0,455,1,0.0,1,1,0,0
HNRNPL,0,499,1,0.0,1,1,0,0
HNRNPM,0,337,1,0.0,1,1,0,0
HNRNPR,0,257,1,0.0,1,1,0,0
HNRNPUL1,0,184,1,0.0,1,1,0,0
HNRNPUL2,0,132,1,0.0,1,1,0,0
HOMER3,0,33,1,0.0,1,1,0,0
HOOK3,0,64,1,0.0,1,1,0,0
HOXA9,0,16,1,0.0,1,1,0,0
HOXD12,0,5,1,0.0,1,1,0,0
HP1BP3,0,165,1,0.0,1,1,0,0
HPCA,0,7,1,0.0,1,1,0,0
HPRT1,0,69,1,0.0,1,1,0,0
HR,0,12,1,0.0,1,1,0,0
HRNR,0,82,1,0.0,1,1,0,0
HSD17B3,0,13,1,0.0,1,1,0,0
HSD17B4,0,99,1,0.0,1,1,0,0
HSF1,0,326,1,0.0,1,1,0,0
HSF2,0,25,1,0.0,1,1,0,0
HSP90AB2P,0,65,1,0.0,1,1,0,0
HSP90B1,0,256,1,0.0,1,1,0,0
HSPA2,0,159,1,0.0,1,1,0,0
HSPA4L,0,125,1,0.0,1,1,0,0
HSPA6,0,159,1,0.0,1,1,0,0
HSPE1,0,121,1,0.0,1,1,0,0
HSPH1,0,209,1,0.0,1,1,0,0
HTATSF1,0,78,1,0.0,1,1,0,0
HTRA4,0,76,1,0.0,1,1,0,0
HYAL4,0,4,1,0.0,1,1,0,0
HYDIN,0,13,1,0.0,1,1,0,0
HYOU1,0,127,1,0.0,1,1,0,0
HYPK,0,47,1,0.0,1,1,0,0
IARS,0,179,1,0.0,1,1,0,0
IARS2,0,87,1,0.0,1,1,0,0
ICK,0,36,1,0.0,1,1,0,0
ID1,0,35,1,0.0,1,1,0,0
IDE,0,58,1,0.0,1,1,0,0
IDH3B,0,57,1,0.0,1,1,0,0
IFITM1,0,113,1,0.0,1,1,0,0
IFITM3,0,162,1,0.0,1,1,0,0
IFT172,0,16,1,0.0,1,1,0,0
IGF2BP1,0,226,1,0.0,1,1,0,0
IGF2BP3,0,259,1,0.0,1,1,0,0
IGHG2,0,40,1,0.0,1,1,0,0
IGHV1-2,0,2,1,0.0,1,1,0,0
IGJ,0,14,1,0.0,1,1,0,0
IGKV2-29,0,8,1,0.0,1,1,0,0
IKBKG,0,172,1,0.0,1,1,0,0
IKZF3,0,128,1,0.0,1,1,0,0
IL13RA2,0,38,1,0.0,1,1,0,0
IL1A,0,84,1,0.0,1,1,0,0
ILF3,0,420,1,0.0,1,1,0,0
IMP3,0,146,1,0.0,1,1,0,0
INADL,0,29,1,0.0,1,1,0,0
INCENP,0,63,1,0.0,1,1,0,0
INSIG1,0,59,1,0.0,1,1,0,0
IPO4,0,131,1,0.0,1,1,0,0
IQCG,0,5,1,0.0,1,1,0,0
IQGAP1,0,259,1,0.0,1,1,0,0
IRF7,0,76,1,0.0,1,1,0,0
IRS4,0,160,1,0.0,1,1,0,0
IRX1,0,2,1,0.0,1,1,0,0
ITGB7,0,19,1,0.0,1,1,0,0
ITPK1,0,16,1,0.0,1,1,0,0
ITPKC,0,11,1,0.0,1,1,0,0
JDP2,0,14,1,0.0,1,1,0,0
JMJD8,0,5,1,0.0,1,1,0,0
JUP,0,212,1,0.0,1,1,0,0
KANSL3,0,59,1,0.0,1,1,0,0
KAT7,0,95,1,0.0,1,1,0,0
KCNA5,0,15,1,0.0,1,1,0,0
KCNJ10,0,14,1,0.0,1,1,0,0
KCTD15,0,27,1,0.0,1,1,0,0
KCTD17,0,47,1,0.0,1,1,0,0
KDELC2,0,22,1,0.0,1,1,0,0
KDM2B,0,77,1,0.0,1,1,0,0
KDM4C,0,45,1,0.0,1,1,0,0
KDM4D,0,20,1,0.0,1,1,0,0
KDM5C,0,64,1,0.0,1,1,0,0
KHSRP,0,174,1,0.0,1,1,0,0
KIAA0087,0,1,1,0.0,1,1,0,0
KIAA0430,0,60,1,0.0,1,1,0,0
KIAA0907,0,24,1,0.0,1,1,0,0
KIAA1551,0,20,1,0.0,1,1,0,0
KIF11,0,177,1,0.0,1,1,0,0
KIF16B,0,25,1,0.0,1,1,0,0
KIF1C,0,32,1,0.0,1,1,0,0
KIF20A,0,407,1,0.0,1,1,0,0
KIF22,0,79,1,0.0,1,1,0,0
KIF2A,0,120,1,0.0,1,1,0,0
KIF2C,0,115,1,0.0,1,1,0,0
KIF5B,0,166,1,0.0,1,1,0,0
KIF5C,0,35,1,0.0,1,1,0,0
KIF9,0,13,1,0.0,1,1,0,0
KLF12,0,99,1,0.0,1,1,0,0
KLF9,0,46,1,0.0,1,1,0,0
KLHL10,0,23,1,0.0,1,1,0,0
KLHL15,0,25,1,0.0,1,1,0,0
KLHL4,0,12,1,0.0,1,1,0,0
KLHL40,0,24,1,0.0,1,1,0,0
KLRF1,0,3,1,0.0,1,1,0,0
KMT2E,0,58,1,0.0,1,1,0,0
KNTC1,0,45,1,0.0,1,1,0,0
KPNA4,0,126,1,0.0,1,1,0,0
KPNA6,0,93,1,0.0,1,1,0,0
KPNB1,0,282,1,0.0,1,1,0,0
KPRP,0,75,1,0.0,1,1,0,0
KRBA2,0,6,1,0.0,1,1,0,0
KRT1,0,105,1,0.0,1,1,0,0
KRT10,0,92,1,0.0,1,1,0,0
KRT14,0,92,1,0.0,1,1,0,0
KRT16,0,82,1,0.0,1,1,0,0
KRT17,0,135,1,0.0,1,1,0,0
KRT2,0,108,1,0.0,1,1,0,0
KRT35,0,25,1,0.0,1,1,0,0
KRT6B,0,62,1,0.0,1,1,0,0
KRT77,0,39,1,0.0,1,1,0,0
KRT78,0,45,1,0.0,1,1,0,0
KRT80,0,29,1,0.0,1,1,0,0
KRT9,0,82,1,0.0,1,1,0,0
L1RE1,0,23,1,0.0,1,1,0,0
LACTB,0,52,1,0.0,1,1,0,0
LAMA4,0,18,1,0.0,1,1,0,0
LAMP1,0,191,1,0.0,1,1,0,0
LAMP2,0,166,1,0.0,1,1,0,0
LAMTOR5,0,56,1,0.0,1,1,0,0
LAP3,0,38,1,0.0,1,1,0,0
LAPTM5,0,21,1,0.0,1,1,0,0
LARP7,0,485,1,0.0,1,1,0,0
LARS,0,162,1,0.0,1,1,0,0
LATS1,0,167,1,0.0,1,1,0,0
LBR,0,123,1,0.0,1,1,0,0
LCLAT1,0,17,1,0.0,1,1,0,0
LCN1,0,29,1,0.0,1,1,0,0
LDB3,0,8,1,0.0,1,1,0,0
LDHA,0,174,1,0.0,1,1,0,0
LDHAL6B,0,20,1,0.0,1,1,0,0
LDHB,0,143,1,0.0,1,1,0,0
LENG1,0,26,1,0.0,1,1,0,0
LEO1,0,147,1,0.0,1,1,0,0
LGI4,0,1,1,0.0,1,1,0,0
LGR6,0,5,1,0.0,1,1,0,0
LIG3,0,122,1,0.0,1,1,0,0
LIMA1,0,177,1,0.0,1,1,0,0
LIMS2,0,5,1,0.0,1,1,0,0
LIN54,0,41,1,0.0,1,1,0,0
LIN7C,0,34,1,0.0,1,1,0,0
LINC01194,0,3,1,0.0,1,1,0,0
LMBRD2,0,4,1,0.0,1,1,0,0
LMLN,0,10,1,0.0,1,1,0,0
LMNA,0,433,1,0.0,1,1,0,0
LMNB1,0,268,1,0.0,1,1,0,0
LMOD1,0,10,1,0.0,1,1,0,0
LNX1,0,119,1,0.0,1,1,0,0
LOC388882,0,9,1,0.0,1,1,0,0
LOC554223,0,4,1,0.0,1,1,0,0
LOC613037,0,3,1,0.0,1,1,0,0
LOH12CR1,0,15,1,0.0,1,1,0,0
LRIF1,0,95,1,0.0,1,1,0,0
LRIG1,0,22,1,0.0,1,1,0,0
LRP1,0,56,1,0.0,1,1,0,0
LRPAP1,0,63,1,0.0,1,1,0,0
LRPPRC,0,264,1,0.0,1,1,0,0
LRR1,0,27,1,0.0,1,1,0,0
LRRC15,0,25,1,0.0,1,1,0,0
LRRC27,0,7,1,0.0,1,1,0,0
LRRC31,0,99,1,0.0,1,1,0,0
LRRC59,0,295,1,0.0,1,1,0,0
LRWD1,0,65,1,0.0,1,1,0,0
LSG1,0,133,1,0.0,1,1,0,0
LSM12,0,81,1,0.0,1,1,0,0
LSM14A,0,109,1,0.0,1,1,0,0
LY6G5B,0,9,1,0.0,1,1,0,0
LYN,0,237,1,0.0,1,1,0,0
LYZ,0,52,1,0.0,1,1,0,0
LZTS2,0,159,1,0.0,1,1,0,0
MAD2L1BP,0,18,1,0.0,1,1,0,0
MAD2L2,0,122,1,0.0,1,1,0,0
MAFK,0,26,1,0.0,1,1,0,0
MAGEA1,0,28,1,0.0,1,1,0,0
MAGEA2,0,11,1,0.0,1,1,0,0
MAGEB18,0,5,1,0.0,1,1,0,0
MAGEB2,0,156,1,0.0,1,1,0,0
MAGI3,0,22,1,0.0,1,1,0,0
MAGT1,0,67,1,0.0,1,1,0,0
MAML1,0,46,1,0.0,1,1,0,0
MAP1LC3B,0,230,1,0.0,1,1,0,0
MAP2K5,0,71,1,0.0,1,1,0,0
MAP4,0,156,1,0.0,1,1,0,0
MAP4K4,0,84,1,0.0,1,1,0,0
MAP9,0,14,1,0.0,1,1,0,0
MAPK10,0,27,1,0.0,1,1,0,0
MAPK6,0,185,1,0.0,1,1,0,0
MAPK7,0,80,1,0.0,1,1,0,0
MAPK8IP3,0,24,1,0.0,1,1,0,0
MARS,0,144,1,0.0,1,1,0,0
MARVELD2,0,21,1,0.0,1,1,0,0
MATR3,0,305,1,0.0,1,1,0,0
MAVS,0,100,1,0.0,1,1,0,0
MAX,0,135,1,0.0,1,1,0,0
MB21D2,0,34,1,0.0,1,1,0,0
MBTD1,0,35,1,0.0,1,1,0,0
MCCC1,0,64,1,0.0,1,1,0,0
MCCC2,0,73,1,0.0,1,1,0,0
MCF2,0,11,1,0.0,1,1,0,0
MCM2,0,525,1,0.0,1,1,0,0
MCM3,0,215,1,0.0,1,1,0,0
MCM3AP,0,56,1,0.0,1,1,0,0
MCM5,0,258,1,0.0,1,1,0,0
MCM6,0,178,1,0.0,1,1,0,0
MCM7,0,240,1,0.0,1,1,0,0
MCM8,0,42,1,0.0,1,1,0,0
MCMBP,0,79,1,0.0,1,1,0,0
MCOLN2,0,4,1,0.0,1,1,0,0
MDH1,0,61,1,0.0,1,1,0,0
MECOM,0,189,1,0.0,1,1,0,0
MECP2,0,530,1,0.0,1,1,0,0
MED16,0,87,1,0.0,1,1,0,0
MED21,0,88,1,0.0,1,1,0,0
MED22,0,76,1,0.0,1,1,0,0
MED23,0,168,1,0.0,1,1,0,0
MED25,0,75,1,0.0,1,1,0,0
MED27,0,77,1,0.0,1,1,0,0
MED8,0,86,1,0.0,1,1,0,0
MEGF6,0,7,1,0.0,1,1,0,0
MEP1A,0,5,1,0.0,1,1,0,0
MEPCE,0,415,1,0.0,1,1,0,0
METTL3,0,189,1,0.0,1,1,0,0
MEX3A,0,128,1,0.0,1,1,0,0
MFAP4,0,20,1,0.0,1,1,0,0
MFSD1,0,4,1,0.0,1,1,0,0
MFSD12,0,7,1,0.0,1,1,0,0
MGA,0,112,1,0.0,1,1,0,0
MGEA5,0,57,1,0.0,1,1,0,0
MGST2,0,14,1,0.0,1,1,0,0
MIA2,0,6,1,0.0,1,1,0,0
MIB1,0,110,1,0.0,1,1,0,0
MIDN,0,291,1,0.0,1,1,0,0
MINK1,0,58,1,0.0,1,1,0,0
MIS18BP1,0,28,1,0.0,1,1,0,0
MKNK1,0,29,1,0.0,1,1,0,0
MKRN1,0,86,1,0.0,1,1,0,0
MKRN2,0,151,1,0.0,1,1,0,0
MLF2,0,71,1,0.0,1,1,0,0
MMRN1,0,9,1,0.0,1,1,0,0
MNAT1,0,102,1,0.0,1,1,0,0
MOB2,0,40,1,0.0,1,1,0,0
MOCS1,0,11,1,0.0,1,1,0,0
MOGS,0,94,1,0.0,1,1,0,0
MORC3,0,63,1,0.0,1,1,0,0
MORC4,0,31,1,0.0,1,1,0,0
MORN2,0,1,1,0.0,1,1,0,0
MPDU1,0,25,1,0.0,1,1,0,0
MPEG1,0,1,1,0.0,1,1,0,0
MPG,0,54,1,0.0,1,1,0,0
MPHOSPH6,0,40,1,0.0,1,1,0,0
MPP1,0,49,1,0.0,1,1,0,0
MRE11A,0,171,1,0.0,1,1,0,0
MRPL24,0,133,1,0.0,1,1,0,0
MRPL38,0,86,1,0.0,1,1,0,0
MRPL39,0,74,1,0.0,1,1,0,0
MRPL41,0,87,1,0.0,1,1,0,0
MRPS14,0,143,1,0.0,1,1,0,0
MRPS18B,0,112,1,0.0,1,1,0,0
MRPS2,0,149,1,0.0,1,1,0,0
MRPS22,0,122,1,0.0,1,1,0,0
MRPS23,0,115,1,0.0,1,1,0,0
MRPS25,0,102,1,0.0,1,1,0,0
MRPS27,0,135,1,0.0,1,1,0,0
MRPS28,0,86,1,0.0,1,1,0,0
MRPS5,0,181,1,0.0,1,1,0,0
MRPS9,0,173,1,0.0,1,1,0,0
MSI2,0,61,1,0.0,1,1,0,0
MSL2,0,40,1,0.0,1,1,0,0
MSN,0,155,1,0.0,1,1,0,0
MST1,0,6,1,0.0,1,1,0,0
MT1G,0,2,1,0.0,1,1,0,0
MTHFD1,0,152,1,0.0,1,1,0,0
MTHFSD,0,7,1,0.0,1,1,0,0
MTMR14,0,48,1,0.0,1,1,0,0
MTRF1,0,51,1,0.0,1,1,0,0
MUC2,0,6,1,0.0,1,1,0,0
MVP,0,66,1,0.0,1,1,0,0
MYADM,0,22,1,0.0,1,1,0,0
MYBPC1,0,9,1,0.0,1,1,0,0
MYH13,0,25,1,0.0,1,1,0,0
MYH4,0,26,1,0.0,1,1,0,0
MYH9,0,311,1,0.0,1,1,0,0
MYL6B,0,66,1,0.0,1,1,0,0
MYL9,0,52,1,0.0,1,1,0,0
MYLK,0,48,1,0.0,1,1,0,0
MYO16,0,3,1,0.0,1,1,0,0
MYO1C,0,177,1,0.0,1,1,0,0
MYO1D,0,94,1,0.0,1,1,0,0
MYO5B,0,35,1,0.0,1,1,0,0
MYO5C,0,52,1,0.0,1,1,0,0
MYO6,0,172,1,0.0,1,1,0,0
MYO9A,0,36,1,0.0,1,1,0,0
MYOT,0,7,1,0.0,1,1,0,0
MZT2B,0,27,1,0.0,1,1,0,0
NAA40,0,461,1,0.0,1,1,0,0
NAB1,0,17,1,0.0,1,1,0,0
NABP1,0,11,1,0.0,1,1,0,0
NABP2,0,35,1,0.0,1,1,0,0
NADSYN1,0,23,1,0.0,1,1,0,0
NAP1L1,0,195,1,0.0,1,1,0,0
NARFL,0,15,1,0.0,1,1,0,0
NAT10,0,217,1,0.0,1,1,0,0
NBR1,0,147,1,0.0,1,1,0,0
NCAPD3,0,77,1,0.0,1,1,0,0
NCAPH,0,198,1,0.0,1,1,0,0
NCF1,0,53,1,0.0,1,1,0,0
NCOA2,0,63,1,0.0,1,1,0,0
NCOA3,0,122,1,0.0,1,1,0,0
NCOR2,0,157,1,0.0,1,1,0,0
ND5,0,13,1,0.0,1,1,0,0
NDE1,0,47,1,0.0,1,1,0,0
NDRG4,0,11,1,0.0,1,1,0,0
NDUFA11,0,14,1,0.0,1,1,0,0
NDUFV3,0,35,1,0.0,1,1,0,0
NEDD1,0,111,1,0.0,1,1,0,0
NEIL3,0,59,1,0.0,1,1,0,0
NEK9,0,52,1,0.0,1,1,0,0
NELFA,0,52,1,0.0,1,1,0,0
NELFCD,0,67,1,0.0,1,1,0,0
NES,0,70,1,0.0,1,1,0,0
NEURL1,0,7,1,0.0,1,1,0,0
NEURL4,0,41,1,0.0,1,1,0,0
NEUROG2,0,6,1,0.0,1,1,0,0
NFATC1,0,93,1,0.0,1,1,0,0
NFATC2IP,0,32,1,0.0,1,1,0,0
NFATC3,0,35,1,0.0,1,1,0,0
NFKB2,0,68,1,0.0,1,1,0,0
NFRKB,0,46,1,0.0,1,1,0,0
NFXL1,0,38,1,0.0,1,1,0,0
NGFR,0,41,1,0.0,1,1,0,0
NHLRC2,0,127,1,0.0,1,1,0,0
NHSL1,0,22,1,0.0,1,1,0,0
NIM1K,0,6,1,0.0,1,1,0,0
NIN,0,127,1,0.0,1,1,0,0
NINL,0,171,1,0.0,1,1,0,0
NKAIN4,0,1,1,0.0,1,1,0,0
NKG7,0,7,1,0.0,1,1,0,0
NKRF,0,142,1,0.0,1,1,0,0
NLK,0,34,1,0.0,1,1,0,0
NME4,0,46,1,0.0,1,1,0,0
NMNAT1,0,61,1,0.0,1,1,0,0
NMT1,0,70,1,0.0,1,1,0,0
NMT2,0,32,1,0.0,1,1,0,0
NNT,0,67,1,0.0,1,1,0,0
NOC3L,0,142,1,0.0,1,1,0,0
NOL10,0,129,1,0.0,1,1,0,0
NOL9,0,86,1,0.0,1,1,0,0
NOMO1,0,40,1,0.0,1,1,0,0
NOMO2,0,24,1,0.0,1,1,0,0
NONO,0,253,1,0.0,1,1,0,0
NOP2,0,238,1,0.0,1,1,0,0
NOP56,0,324,1,0.0,1,1,0,0
NOSIP,0,49,1,0.0,1,1,0,0
NOTCH4,0,19,1,0.0,1,1,0,0
NPAS3,0,3,1,0.0,1,1,0,0
NPEPPS,0,85,1,0.0,1,1,0,0
NPLOC4,0,85,1,0.0,1,1,0,0
NPRL3,0,35,1,0.0,1,1,0,0
NR1I2,0,34,1,0.0,1,1,0,0
NR3C2,0,28,1,0.0,1,1,0,0
NRD1,0,38,1,0.0,1,1,0,0
NRIP1,0,76,1,0.0,1,1,0,0
NRON,0,8,1,0.0,1,1,0,0
NRP1,0,89,1,0.0,1,1,0,0
NSMF,0,11,1,0.0,1,1,0,0
NT5C3A,0,22,1,0.0,1,1,0,0
NTHL1,0,40,1,0.0,1,1,0,0
NTSR2,0,3,1,0.0,1,1,0,0
NUB1,0,36,1,0.0,1,1,0,0
NUDCD3,0,48,1,0.0,1,1,0,0
NUFIP2,0,162,1,0.0,1,1,0,0
NUMA1,0,250,1,0.0,1,1,0,0
NUP107,0,112,1,0.0,1,1,0,0
NUP133,0,93,1,0.0,1,1,0,0
NUP155,0,164,1,0.0,1,1,0,0
NUP160,0,75,1,0.0,1,1,0,0
NUP43,0,261,1,0.0,1,1,0,0
NUP88,0,72,1,0.0,1,1,0,0
NUP93,0,137,1,0.0,1,1,0,0
NUP98,0,101,1,0.0,1,1,0,0
NXF1,0,436,1,0.0,1,1,0,0
OAS2,0,17,1,0.0,1,1,0,0
OCRL,0,65,1,0.0,1,1,0,0
OFD1,0,123,1,0.0,1,1,0,0
OGDH,0,80,1,0.0,1,1,0,0
OGN,0,4,1,0.0,1,1,0,0
OGT,0,390,1,0.0,1,1,0,0
OLA1,0,79,1,0.0,1,1,0,0
OLIG2,0,11,1,0.0,1,1,0,0
OPRD1,0,10,1,0.0,1,1,0,0
OR2L5,0,1,1,0.0,1,1,0,0
OR51M1,0,2,1,0.0,1,1,0,0
OR6C75,0,1,1,0.0,1,1,0,0
OR8G2,0,1,1,0.0,1,1,0,0
ORC1,0,65,1,0.0,1,1,0,0
ORC2,0,65,1,0.0,1,1,0,0
ORC3,0,64,1,0.0,1,1,0,0
OSBP,0,50,1,0.0,1,1,0,0
OSBPL11,0,39,1,0.0,1,1,0,0
OSBPL9,0,32,1,0.0,1,1,0,0
OTUD1,0,105,1,0.0,1,1,0,0
OTUD3,0,41,1,0.0,1,1,0,0
OTUD5,0,37,1,0.0,1,1,0,0
OTULIN,0,69,1,0.0,1,1,0,0
P3H1,0,45,1,0.0,1,1,0,0
P3H2,0,9,1,0.0,1,1,0,0
PABPC1,0,362,1,0.0,1,1,0,0
PABPC3,0,40,1,0.0,1,1,0,0
PABPC4,0,233,1,0.0,1,1,0,0
PACRG,0,24,1,0.0,1,1,0,0
PACS1,0,16,1,0.0,1,1,0,0
PADI1,0,3,1,0.0,1,1,0,0
PAF1,0,150,1,0.0,1,1,0,0
PAFAH1B3,0,34,1,0.0,1,1,0,0
PAK4,0,58,1,0.0,1,1,0,0
PAK7,0,41,1,0.0,1,1,0,0
PALLD,0,63,1,0.0,1,1,0,0
PAN2,0,223,1,0.0,1,1,0,0
PAN3,0,30,1,0.0,1,1,0,0
PAPOLA,0,58,1,0.0,1,1,0,0
PAPOLG,0,19,1,0.0,1,1,0,0
PARK2,0,1171,1,0.0,1,1,0,0
PARN,0,83,1,0.0,1,1,0,0
PAXIP1,0,177,1,0.0,1,1,0,0
PC,0,100,1,0.0,1,1,0,0
PCBP1,0,356,1,0.0,1,1,0,0
PCBP2,0,166,1,0.0,1,1,0,0
PCCA,0,48,1,0.0,1,1,0,0
PCCB,0,57,1,0.0,1,1,0,0
PCDHA4,0,11,1,0.0,1,1,0,0
PCGF1,0,90,1,0.0,1,1,0,0
PCID2,0,63,1,0.0,1,1,0,0
PCMT1,0,111,1,0.0,1,1,0,0
PDAP1,0,50,1,0.0,1,1,0,0
PDCD11,0,222,1,0.0,1,1,0,0
PDCD5,0,58,1,0.0,1,1,0,0
PDCD6,0,106,1,0.0,1,1,0,0
PDE12,0,41,1,0.0,1,1,0,0
PDHA1,0,247,1,0.0,1,1,0,0
PDIA4,0,158,1,0.0,1,1,0,0
PDIA5,0,26,1,0.0,1,1,0,0
PDLIM7,0,98,1,0.0,1,1,0,0
PDPR,0,22,1,0.0,1,1,0,0
PDXK,0,33,1,0.0,1,1,0,0
PDXP,0,17,1,0.0,1,1,0,0
PDZD4,0,5,1,0.0,1,1,0,0
PECR,0,10,1,0.0,1,1,0,0
PEF1,0,53,1,0.0,1,1,0,0
PELI1,0,35,1,0.0,1,1,0,0
PELI2,0,20,1,0.0,1,1,0,0
PELO,0,138,1,0.0,1,1,0,0
PES1,0,201,1,0.0,1,1,0,0
PFAS,0,77,1,0.0,1,1,0,0
PFDN1,0,63,1,0.0,1,1,0,0
PFKM,0,89,1,0.0,1,1,0,0
PGAM2,0,26,1,0.0,1,1,0,0
PGLYRP4,0,1,1,0.0,1,1,0,0
PGM3,0,31,1,0.0,1,1,0,0
PHC1,0,59,1,0.0,1,1,0,0
PHKA2,0,28,1,0.0,1,1,0,0
PHKB,0,26,1,0.0,1,1,0,0
PHKG2,0,40,1,0.0,1,1,0,0
PHYH,0,11,1,0.0,1,1,0,0
PIAS3,0,47,1,0.0,1,1,0,0
PIK3C3,0,67,1,0.0,1,1,0,0
PIM3,0,33,1,0.0,1,1,0,0
PIP,0,88,1,0.0,1,1,0,0
PIP4K2C,0,70,1,0.0,1,1,0,0
PIP5K1C,0,34,1,0.0,1,1,0,0
PIPOX,0,5,1,0.0,1,1,0,0
PIWIL1,0,12,1,0.0,1,1,0,0
PKIA,0,4,1,0.0,1,1,0,0
PLA2G12A,0,13,1,0.0,1,1,0,0
PLA2G4A,0,38,1,0.0,1,1,0,0
PLAA,0,40,1,0.0,1,1,0,0
PLAC8,0,5,1,0.0,1,1,0,0
PLCB4,0,23,1,0.0,1,1,0,0
PLCE1,0,23,1,0.0,1,1,0,0
PLCG1,0,112,1,0.0,1,1,0,0
PLCG2,0,61,1,0.0,1,1,0,0
PLCH2,0,9,1,0.0,1,1,0,0
PLD1,0,43,1,0.0,1,1,0,0
PLEC,0,176,1,0.0,1,1,0,0
PLEKHA4,0,1021,1,0.0,1,1,0,0
PLG,0,39,1,0.0,1,1,0,0
PLOD3,0,50,1,0.0,1,1,0,0
PNISR,0,31,1,0.0,1,1,0,0
PNLDC1,0,2,1,0.0,1,1,0,0
PNP,0,43,1,0.0,1,1,0,0
POGLUT1,0,18,1,0.0,1,1,0,0
POLA1,0,79,1,0.0,1,1,0,0
POLD1,0,209,1,0.0,1,1,0,0
POLD3,0,46,1,0.0,1,1,0,0
POLDIP2,0,70,1,0.0,1,1,0,0
POLDIP3,0,110,1,0.0,1,1,0,0
POLR1D,0,54,1,0.0,1,1,0,0
POLR2A,0,296,1,0.0,1,1,0,0
POLR2B,0,244,1,0.0,1,1,0,0
POLR2C,0,229,1,0.0,1,1,0,0
POLR3B,0,95,1,0.0,1,1,0,0
POLR3C,0,49,1,0.0,1,1,0,0
POLRMT,0,82,1,0.0,1,1,0,0
POMP,0,18,1,0.0,1,1,0,0
POP1,0,149,1,0.0,1,1,0,0
PPA1,0,87,1,0.0,1,1,0,0
PPFIBP1,0,59,1,0.0,1,1,0,0
PPIB,0,130,1,0.0,1,1,0,0
PPIL2,0,54,1,0.0,1,1,0,0
PPM1B,0,91,1,0.0,1,1,0,0
PPM1G,0,140,1,0.0,1,1,0,0
PPP1CA,0,281,1,0.0,1,1,0,0
PPP1CC,0,350,1,0.0,1,1,0,0
PPP1R10,0,92,1,0.0,1,1,0,0
PPP1R12A,0,162,1,0.0,1,1,0,0
PPP2R3C,0,25,1,0.0,1,1,0,0
PPP3CA,0,67,1,0.0,1,1,0,0
PPP3R1,0,22,1,0.0,1,1,0,0
PPP4C,0,73,1,0.0,1,1,0,0
PPWD1,0,43,1,0.0,1,1,0,0
PQBP1,0,52,1,0.0,1,1,0,0
PRAM1,0,20,1,0.0,1,1,0,0
PRAME,0,36,1,0.0,1,1,0,0
PRDM11,0,9,1,0.0,1,1,0,0
PRDM2,0,26,1,0.0,1,1,0,0
PRDX2,0,145,1,0.0,1,1,0,0
PRDX3,0,141,1,0.0,1,1,0,0
PRDX6,0,120,1,0.0,1,1,0,0
PRKCI,0,148,1,0.0,1,1,0,0
PRKCSH,0,89,1,0.0,1,1,0,0
PRKD1,0,84,1,0.0,1,1,0,0
PRKD3,0,25,1,0.0,1,1,0,0
PRKRIR,0,37,1,0.0,1,1,0,0
PRMT3,0,57,1,0.0,1,1,0,0
PRMT7,0,26,1,0.0,1,1,0,0
PRNP,0,322,1,0.0,1,1,0,0
PRO1596,0,1,1,0.0,1,1,0,0
PROSC,0,35,1,0.0,1,1,0,0
PROSER1,0,14,1,0.0,1,1,0,0
PRPF3,0,127,1,0.0,1,1,0,0
PRPF6,0,184,1,0.0,1,1,0,0
PRPF8,0,434,1,0.0,1,1,0,0
PRR11,0,51,1,0.0,1,1,0,0
PRRC2A,0,164,1,0.0,1,1,0,0
PRRC2B,0,117,1,0.0,1,1,0,0
PRRC2C,0,143,1,0.0,1,1,0,0
PRY2,0,4,1,0.0,1,1,0,0
PSD3,0,22,1,0.0,1,1,0,0
PSMA1,0,180,1,0.0,1,1,0,0
PSMA3,0,202,1,0.0,1,1,0,0
PSMB3,0,92,1,0.0,1,1,0,0
PSMB4,0,101,1,0.0,1,1,0,0
PSMB6,0,116,1,0.0,1,1,0,0
PSMC3,0,189,1,0.0,1,1,0,0
PSMC4,0,168,1,0.0,1,1,0,0
PSMD1,0,213,1,0.0,1,1,0,0
PSMD11,0,170,1,0.0,1,1,0,0
PSMD6,0,163,1,0.0,1,1,0,0
PSMD7,0,128,1,0.0,1,1,0,0
PSPC1,0,262,1,0.0,1,1,0,0
PTCD1,0,41,1,0.0,1,1,0,0
PTCD3,0,137,1,0.0,1,1,0,0
PTCHD3,0,6,1,0.0,1,1,0,0
PTDSS2,0,15,1,0.0,1,1,0,0
PTGES3,0,192,1,0.0,1,1,0,0
PTH,0,11,1,0.0,1,1,0,0
PTK6,0,59,1,0.0,1,1,0,0
PTPLAD1,0,103,1,0.0,1,1,0,0
PTPLB,0,21,1,0.0,1,1,0,0
PTPRF,0,62,1,0.0,1,1,0,0
PTPRU,0,24,1,0.0,1,1,0,0
PTTG1IP,0,18,1,0.0,1,1,0,0
PTX3,0,14,1,0.0,1,1,0,0
PUM2,0,44,1,0.0,1,1,0,0
PURG,0,83,1,0.0,1,1,0,0
PUS7L,0,14,1,0.0,1,1,0,0
PVR,0,21,1,0.0,1,1,0,0
PVRIG,0,8,1,0.0,1,1,0,0
PWP1,0,141,1,0.0,1,1,0,0
PWP2,0,127,1,0.0,1,1,0,0
PWWP2A,0,27,1,0.0,1,1,0,0
PXK,0,21,1,0.0,1,1,0,0
PXN,0,127,1,0.0,1,1,0,0
PYGL,0,67,1,0.0,1,1,0,0
PYHIN1,0,180,1,0.0,1,1,0,0
RAB4A,0,118,1,0.0,1,1,0,0
RAB7A,0,203,1,0.0,1,1,0,0
RABEP1,0,62,1,0.0,1,1,0,0
RABL6,0,47,1,0.0,1,1,0,0
RAD18,0,238,1,0.0,1,1,0,0
RAD23A,0,111,1,0.0,1,1,0,0
RAD54L2,0,41,1,0.0,1,1,0,0
RAE1,0,125,1,0.0,1,1,0,0
RAF1,0,680,1,0.0,1,1,0,0
RAG1,0,27,1,0.0,1,1,0,0
RAN,0,227,1,0.0,1,1,0,0
RANBP9,0,197,1,0.0,1,1,0,0
RANGAP1,0,157,1,0.0,1,1,0,0
RAP1B,0,63,1,0.0,1,1,0,0
RAP1GAP,0,23,1,0.0,1,1,0,0
RAP2C,0,27,1,0.0,1,1,0,0
RAPSN,0,14,1,0.0,1,1,0,0
RAVER1,0,69,1,0.0,1,1,0,0
RBBP7,0,279,1,0.0,1,1,0,0
RBBP8,0,99,1,0.0,1,1,0,0
RBCK1,0,286,1,0.0,1,1,0,0
RBM10,0,132,1,0.0,1,1,0,0
RBM11,0,69,1,0.0,1,1,0,0
RBM14,0,255,1,0.0,1,1,0,0
RBM15,0,111,1,0.0,1,1,0,0
RBM20,0,21,1,0.0,1,1,0,0
RBM22,0,90,1,0.0,1,1,0,0
RBM28,0,181,1,0.0,1,1,0,0
RBM3,0,66,1,0.0,1,1,0,0
RBM33,0,55,1,0.0,1,1,0,0
RBM39,0,514,1,0.0,1,1,0,0
RBM6,0,61,1,0.0,1,1,0,0
RBSN,0,26,1,0.0,1,1,0,0
RCC1,0,117,1,0.0,1,1,0,0
RCC2,0,126,1,0.0,1,1,0,0
RCN2,0,111,1,0.0,1,1,0,0
RDH13,0,19,1,0.0,1,1,0,0
RDX,0,120,1,0.0,1,1,0,0
RECQL,0,125,1,0.0,1,1,0,0
RECQL5,0,59,1,0.0,1,1,0,0
RETNLB,0,13,1,0.0,1,1,0,0
REV1,0,33,1,0.0,1,1,0,0
RFC1,0,139,1,0.0,1,1,0,0
RFC3,0,130,1,0.0,1,1,0,0
RFC4,0,183,1,0.0,1,1,0,0
RFPL3,0,6,1,0.0,1,1,0,0
RFT1,0,16,1,0.0,1,1,0,0
RFWD2,0,171,1,0.0,1,1,0,0
RFWD3,0,45,1,0.0,1,1,0,0
RGAG4,0,2,1,0.0,1,1,0,0
RHAG,0,7,1,0.0,1,1,0,0
RHOG,0,214,1,0.0,1,1,0,0
RIMBP2,0,3,1,0.0,1,1,0,0
RIPK4,0,179,1,0.0,1,1,0,0
RIT1,0,433,1,0.0,1,1,0,0
RMDN1,0,18,1,0.0,1,1,0,0
RMI1,0,39,1,0.0,1,1,0,0
RNASE4,0,3,1,0.0,1,1,0,0
RNASEH2A,0,41,1,0.0,1,1,0,0
RNASEL,0,20,1,0.0,1,1,0,0
RNF125,0,19,1,0.0,1,1,0,0
RNF126,0,69,1,0.0,1,1,0,0
RNF128,0,21,1,0.0,1,1,0,0
RNF138,0,41,1,0.0,1,1,0,0
RNF157,0,13,1,0.0,1,1,0,0
RNF187,0,12,1,0.0,1,1,0,0
RNF19A,0,6,1,0.0,1,1,0,0
RNF219,0,61,1,0.0,1,1,0,0
RNF220,0,18,1,0.0,1,1,0,0
RNF31,0,183,1,0.0,1,1,0,0
RNF34,0,24,1,0.0,1,1,0,0
RNF38,0,51,1,0.0,1,1,0,0
RNF39,0,3,1,0.0,1,1,0,0
RNF43,0,169,1,0.0,1,1,0,0
RNF6,0,27,1,0.0,1,1,0,0
RNF8,0,244,1,0.0,1,1,0,0
RNGTT,0,62,1,0.0,1,1,0,0
ROCK1,0,92,1,0.0,1,1,0,0
RORC,0,32,1,0.0,1,1,0,0
RPA3,0,1089,1,0.0,1,1,0,0
RPA4,0,229,1,0.0,1,1,0,0
RPGRIP1L,0,71,1,0.0,1,1,0,0
RPL10A,0,304,1,0.0,1,1,0,0
RPL10L,0,117,1,0.0,1,1,0,0
RPL12,0,275,1,0.0,1,1,0,0
RPL13,0,354,1,0.0,1,1,0,0
RPL13AP3,0,18,1,0.0,1,1,0,0
RPL14,0,305,1,0.0,1,1,0,0
RPL15,0,302,1,0.0,1,1,0,0
RPL17,0,302,1,0.0,1,1,0,0
RPL18,0,304,1,0.0,1,1,0,0
RPL18A,0,276,1,0.0,1,1,0,0
RPL19,0,314,1,0.0,1,1,0,0
RPL21,0,254,1,0.0,1,1,0,0
RPL23,0,304,1,0.0,1,1,0,0
RPL23A,0,345,1,0.0,1,1,0,0
RPL24,0,258,1,0.0,1,1,0,0
RPL26L1,0,227,1,0.0,1,1,0,0
RPL27,0,288,1,0.0,1,1,0,0
RPL27A,0,276,1,0.0,1,1,0,0
RPL27AP6,0,2,1,0.0,1,1,0,0
RPL28,0,270,1,0.0,1,1,0,0
RPL29,0,203,1,0.0,1,1,0,0
RPL29P11,0,2,1,0.0,1,1,0,0
RPL3,0,360,1,0.0,1,1,0,0
RPL30,0,291,1,0.0,1,1,0,0
RPL31,0,348,1,0.0,1,1,0,0
RPL36P14,0,1,1,0.0,1,1,0,0
RPL37A,0,243,1,0.0,1,1,0,0
RPL38,0,223,1,0.0,1,1,0,0
RPL4,0,390,1,0.0,1,1,0,0
RPL6,0,340,1,0.0,1,1,0,0
RPL7,0,310,1,0.0,1,1,0,0
RPL7A,0,346,1,0.0,1,1,0,0
RPL8,0,322,1,0.0,1,1,0,0
RPLP1,0,203,1,0.0,1,1,0,0
RPLP2,0,232,1,0.0,1,1,0,0
RPN1,0,265,1,0.0,1,1,0,0
RPN2,0,245,1,0.0,1,1,0,0
RPRD1A,0,56,1,0.0,1,1,0,0
RPRD1B,0,93,1,0.0,1,1,0,0
RPS10,0,318,1,0.0,1,1,0,0
RPS13,0,295,1,0.0,1,1,0,0
RPS14,0,321,1,0.0,1,1,0,0
RPS15,0,255,1,0.0,1,1,0,0
RPS15P2,0,1,1,0.0,1,1,0,0
RPS16,0,385,1,0.0,1,1,0,0
RPS17,0,240,1,0.0,1,1,0,0
RPS18,0,290,1,0.0,1,1,0,0
RPS2,0,367,1,0.0,1,1,0,0
RPS24,0,311,1,0.0,1,1,0,0
RPS25,0,254,1,0.0,1,1,0,0
RPS26,0,227,1,0.0,1,1,0,0
RPS3A,0,373,1,0.0,1,1,0,0
RPS4X,0,324,1,0.0,1,1,0,0
RPS6KA1,0,91,1,0.0,1,1,0,0
RPS6KA2,0,61,1,0.0,1,1,0,0
RPS6KA3,0,91,1,0.0,1,1,0,0
RPS7,0,292,1,0.0,1,1,0,0
RPS8,0,341,1,0.0,1,1,0,0
RPS9,0,329,1,0.0,1,1,0,0
RPUSD1,0,4,1,0.0,1,1,0,0
RPUSD4,0,57,1,0.0,1,1,0,0
RRAD,0,9,1,0.0,1,1,0,0
RREB1,0,39,1,0.0,1,1,0,0
RRP1B,0,198,1,0.0,1,1,0,0
RSBN1,0,73,1,0.0,1,1,0,0
RSF1,0,80,1,0.0,1,1,0,0
RSL1D1,0,257,1,0.0,1,1,0,0
RTN3,0,57,1,0.0,1,1,0,0
RTN4,0,102,1,0.0,1,1,0,0
RTN4IP1,0,19,1,0.0,1,1,0,0
RUNDC1,0,5,1,0.0,1,1,0,0
RUVBL2,0,358,1,0.0,1,1,0,0
RYBP,0,99,1,0.0,1,1,0,0
RYK,0,57,1,0.0,1,1,0,0
S100A8,0,91,1,0.0,1,1,0,0
SACM1L,0,46,1,0.0,1,1,0,0
SACS,0,28,1,0.0,1,1,0,0
SAFB,0,131,1,0.0,1,1,0,0
SAFB2,0,105,1,0.0,1,1,0,0
SALL1,0,52,1,0.0,1,1,0,0
SALL2,0,42,1,0.0,1,1,0,0
SAMD7,0,3,1,0.0,1,1,0,0
SARS,0,62,1,0.0,1,1,0,0
SART1,0,171,1,0.0,1,1,0,0
SART3,0,254,1,0.0,1,1,0,0
SAT1,0,32,1,0.0,1,1,0,0
SATB1,0,61,1,0.0,1,1,0,0
SATB2,0,69,1,0.0,1,1,0,0
SATL1,0,1,1,0.0,1,1,0,0
SBDS,0,89,1,0.0,1,1,0,0
SBF2,0,17,1,0.0,1,1,0,0
SBNO1,0,44,1,0.0,1,1,0,0
SBSN,0,34,1,0.0,1,1,0,0
SCAMP1,0,42,1,0.0,1,1,0,0
SCAMP2,0,23,1,0.0,1,1,0,0
SCAMP3,0,65,1,0.0,1,1,0,0
SCAMP4,0,6,1,0.0,1,1,0,0
SCARF2,0,7,1,0.0,1,1,0,0
SCLY,0,14,1,0.0,1,1,0,0
SCN3B,0,33,1,0.0,1,1,0,0
SCP2,0,33,1,0.0,1,1,0,0
SCYL2,0,82,1,0.0,1,1,0,0
SDCCAG3,0,89,1,0.0,1,1,0,0
SDHA,0,176,1,0.0,1,1,0,0
SDPR,0,31,1,0.0,1,1,0,0
SEC13,0,108,1,0.0,1,1,0,0
SEC14L5,0,3,1,0.0,1,1,0,0
SEC23A,0,114,1,0.0,1,1,0,0
SEC24A,0,81,1,0.0,1,1,0,0
SEC24C,0,98,1,0.0,1,1,0,0
SEC24D,0,25,1,0.0,1,1,0,0
SEC31A,0,96,1,0.0,1,1,0,0
SEC61A1,0,183,1,0.0,1,1,0,0
SEC63,0,95,1,0.0,1,1,0,0
SEL1L,0,44,1,0.0,1,1,0,0
SENP1,0,64,1,0.0,1,1,0,0
SENP3,0,181,1,0.0,1,1,0,0
SENP5,0,18,1,0.0,1,1,0,0
SENP6,0,29,1,0.0,1,1,0,0
SEPHS1,0,26,1,0.0,1,1,0,0
SEPT9,0,114,1,0.0,1,1,0,0
SERBP1,0,630,1,0.0,1,1,0,0
SERINC1,0,12,1,0.0,1,1,0,0
SERPINA9,0,1,1,0.0,1,1,0,0
SERPINB12,0,70,1,0.0,1,1,0,0
SERPINB9,0,23,1,0.0,1,1,0,0
SERPINH1,0,130,1,0.0,1,1,0,0
SETD1B,0,59,1,0.0,1,1,0,0
SETD4,0,12,1,0.0,1,1,0,0
SETD8,0,48,1,0.0,1,1,0,0
SETDB1,0,112,1,0.0,1,1,0,0
SETX,0,65,1,0.0,1,1,0,0
SF3A1,0,201,1,0.0,1,1,0,0
SF3A2,0,126,1,0.0,1,1,0,0
SF3B1,0,245,1,0.0,1,1,0,0
SF3B2,0,224,1,0.0,1,1,0,0
SF3B3,0,225,1,0.0,1,1,0,0
SFPQ,0,255,1,0.0,1,1,0,0
SGOL1,0,40,1,0.0,1,1,0,0
SH3PXD2B,0,20,1,0.0,1,1,0,0
SHANK3,0,67,1,0.0,1,1,0,0
SIN3B,0,71,1,0.0,1,1,0,0
SIPA1L2,0,61,1,0.0,1,1,0,0
SIVA1,0,15,1,0.0,1,1,0,0
SKI,0,96,1,0.0,1,1,0,0
SKIV2L2,0,132,1,0.0,1,1,0,0
SLAIN2,0,53,1,0.0,1,1,0,0
SLAMF1,0,28,1,0.0,1,1,0,0
SLC16A1,0,94,1,0.0,1,1,0,0
SLC1A5,0,98,1,0.0,1,1,0,0
SLC25A10,0,76,1,0.0,1,1,0,0
SLC25A13,0,142,1,0.0,1,1,0,0
SLC25A3,0,192,1,0.0,1,1,0,0
SLC25A34,0,2,1,0.0,1,1,0,0
SLC25A5,0,231,1,0.0,1,1,0,0
SLC25A6,0,176,1,0.0,1,1,0,0
SLC26A6,0,13,1,0.0,1,1,0,0
SLC29A1,0,24,1,0.0,1,1,0,0
SLC2A12,0,11,1,0.0,1,1,0,0
SLC35B2,0,24,1,0.0,1,1,0,0
SLC35F2,0,21,1,0.0,1,1,0,0
SLC38A1,0,41,1,0.0,1,1,0,0
SLC38A10,0,12,1,0.0,1,1,0,0
SLC38A2,0,37,1,0.0,1,1,0,0
SLC39A14,0,32,1,0.0,1,1,0,0
SLC3A2,0,137,1,0.0,1,1,0,0
SLC5A6,0,14,1,0.0,1,1,0,0
SLC5A7,0,2,1,0.0,1,1,0,0
SLC6A15,0,38,1,0.0,1,1,0,0
SLC7A1,0,45,1,0.0,1,1,0,0
SLC7A2,0,16,1,0.0,1,1,0,0
SLC7A5,0,77,1,0.0,1,1,0,0
SLC9A9,0,7,1,0.0,1,1,0,0
SLFN11,0,193,1,0.0,1,1,0,0
SLFN5,0,14,1,0.0,1,1,0,0
SLX4,0,351,1,0.0,1,1,0,0
SLX4IP,0,27,1,0.0,1,1,0,0
SMAD1,0,84,1,0.0,1,1,0,0
SMAD7,0,60,1,0.0,1,1,0,0
SMARCA1,0,102,1,0.0,1,1,0,0
SMARCA5,0,252,1,0.0,1,1,0,0
SMARCAD1,0,99,1,0.0,1,1,0,0
SMARCC1,0,205,1,0.0,1,1,0,0
SMARCD2,0,83,1,0.0,1,1,0,0
SMARCD3,0,39,1,0.0,1,1,0,0
SMC5,0,453,1,0.0,1,1,0,0
SMG5,0,39,1,0.0,1,1,0,0
SMG7,0,160,1,0.0,1,1,0,0
SMTN,0,25,1,0.0,1,1,0,0
SMURF1,0,257,1,0.0,1,1,0,0
SMYD3,0,30,1,0.0,1,1,0,0
SND1,0,183,1,0.0,1,1,0,0
SNRNP70,0,433,1,0.0,1,1,0,0
SNRPA1,0,138,1,0.0,1,1,0,0
SNRPD3,0,196,1,0.0,1,1,0,0
SNRPN,0,86,1,0.0,1,1,0,0
SNW1,0,346,1,0.0,1,1,0,0
SNX12,0,18,1,0.0,1,1,0,0
SNX2,0,72,1,0.0,1,1,0,0
SNX5,0,44,1,0.0,1,1,0,0
SOAT1,0,101,1,0.0,1,1,0,0
SOS2,0,28,1,0.0,1,1,0,0
SOX13,0,13,1,0.0,1,1,0,0
SOX15,0,72,1,0.0,1,1,0,0
SOX4,0,48,1,0.0,1,1,0,0
SP110,0,54,1,0.0,1,1,0,0
SP3,0,33,1,0.0,1,1,0,0
SPAG9,0,121,1,0.0,1,1,0,0
SPATA1,0,9,1,0.0,1,1,0,0
SPATA31A1,0,1,1,0.0,1,1,0,0
SPATA6L,0,2,1,0.0,1,1,0,0
SPCS1,0,36,1,0.0,1,1,0,0
SPCS2,0,47,1,0.0,1,1,0,0
SPEN,0,68,1,0.0,1,1,0,0
SPESP1,0,2,1,0.0,1,1,0,0
SPICE1,0,60,1,0.0,1,1,0,0
SPIN1,0,54,1,0.0,1,1,0,0
SPNS1,0,19,1,0.0,1,1,0,0
SPRTN,0,276,1,0.0,1,1,0,0
SPSB1,0,13,1,0.0,1,1,0,0
SPTA1,0,48,1,0.0,1,1,0,0
SPTAN1,0,228,1,0.0,1,1,0,0
SPTBN1,0,181,1,0.0,1,1,0,0
SRCAP,0,69,1,0.0,1,1,0,0
SRP72,0,187,1,0.0,1,1,0,0
SRP9,0,238,1,0.0,1,1,0,0
SRPK1,0,199,1,0.0,1,1,0,0
SRSF6,0,249,1,0.0,1,1,0,0
SSB,0,258,1,0.0,1,1,0,0
SSMEM1,0,15,1,0.0,1,1,0,0
SST,0,8,1,0.0,1,1,0,0
SSX2IP,0,100,1,0.0,1,1,0,0
SSX5,0,2,1,0.0,1,1,0,0
ST13,0,76,1,0.0,1,1,0,0
STAM2,0,61,1,0.0,1,1,0,0
STAMBP,0,40,1,0.0,1,1,0,0
STARD10,0,5,1,0.0,1,1,0,0
STBD1,0,30,1,0.0,1,1,0,0
STEAP4,0,4,1,0.0,1,1,0,0
STIL,0,78,1,0.0,1,1,0,0
STIP1,0,502,1,0.0,1,1,0,0
STK38,0,81,1,0.0,1,1,0,0
STK4,0,63,1,0.0,1,1,0,0
STOML3,0,2,1,0.0,1,1,0,0
STRAP,0,149,1,0.0,1,1,0,0
STT3A,0,105,1,0.0,1,1,0,0
STT3B,0,109,1,0.0,1,1,0,0
STX18,0,39,1,0.0,1,1,0,0
STX2,0,11,1,0.0,1,1,0,0
STX5,0,63,1,0.0,1,1,0,0
STXBP4,0,23,1,0.0,1,1,0,0
SUB1,0,139,1,0.0,1,1,0,0
SULT1E1,0,11,1,0.0,1,1,0,0
SUMO3,0,67,1,0.0,1,1,0,0
SUPT20H,0,49,1,0.0,1,1,0,0
SUPT3H,0,42,1,0.0,1,1,0,0
SUPT5H,0,212,1,0.0,1,1,0,0
SUPT6H,0,146,1,0.0,1,1,0,0
SUPT7L,0,39,1,0.0,1,1,0,0
SURF4,0,64,1,0.0,1,1,0,0
SV2A,0,22,1,0.0,1,1,0,0
SYCP2L,0,4,1,0.0,1,1,0,0
SYK,0,123,1,0.0,1,1,0,0
SYN2,0,12,1,0.0,1,1,0,0
SYNCRIP,0,300,1,0.0,1,1,0,0
SYNE2,0,67,1,0.0,1,1,0,0
SYNE3,0,136,1,0.0,1,1,0,0
SYNPO2,0,13,1,0.0,1,1,0,0
SYT12,0,7,1,0.0,1,1,0,0
SYT5,0,2,1,0.0,1,1,0,0
SYVN1,0,105,1,0.0,1,1,0,0
TAB1,0,122,1,0.0,1,1,0,0
TADA1,0,33,1,0.0,1,1,0,0
TADA2A,0,99,1,0.0,1,1,0,0
TAF10,0,104,1,0.0,1,1,0,0
TAF1A,0,39,1,0.0,1,1,0,0
TAF1B,0,45,1,0.0,1,1,0,0
TAF1C,0,63,1,0.0,1,1,0,0
TAF4,0,135,1,0.0,1,1,0,0
TAF5,0,93,1,0.0,1,1,0,0
TAF5L,0,55,1,0.0,1,1,0,0
TAF7,0,110,1,0.0,1,1,0,0
TAMM41,0,26,1,0.0,1,1,0,0
TARS,0,97,1,0.0,1,1,0,0
TAS1R1,0,3,1,0.0,1,1,0,0
TAS2R60,0,4,1,0.0,1,1,0,0
TBC1D21,0,6,1,0.0,1,1,0,0
TBC1D24,0,15,1,0.0,1,1,0,0
TBC1D4,0,65,1,0.0,1,1,0,0
TBCK,0,34,1,0.0,1,1,0,0
TBKBP1,0,37,1,0.0,1,1,0,0
TBL3,0,140,1,0.0,1,1,0,0
TBPL1,0,30,1,0.0,1,1,0,0
TBX5,0,86,1,0.0,1,1,0,0
TCEA1,0,105,1,0.0,1,1,0,0
TCEAL1,0,30,1,0.0,1,1,0,0
TCEAL4,0,26,1,0.0,1,1,0,0
TCERG1,0,127,1,0.0,1,1,0,0
TCF4,0,71,1,0.0,1,1,0,0
TCHH,0,9,1,0.0,1,1,0,0
TCOF1,0,138,1,0.0,1,1,0,0
TDP2,0,35,1,0.0,1,1,0,0
TEAD2,0,65,1,0.0,1,1,0,0
TECR,0,123,1,0.0,1,1,0,0
TEP1,0,35,1,0.0,1,1,0,0
TES,0,153,1,0.0,1,1,0,0
TESPA1,0,16,1,0.0,1,1,0,0
TFAP2B,0,11,1,0.0,1,1,0,0
TFAP2C,0,25,1,0.0,1,1,0,0
TFAP4,0,68,1,0.0,1,1,0,0
TFCP2,0,225,1,0.0,1,1,0,0
TFIP11,0,145,1,0.0,1,1,0,0
TFPI2,0,12,1,0.0,1,1,0,0
TFRC,0,172,1,0.0,1,1,0,0
TGIF2,0,16,1,0.0,1,1,0,0
TGM1,0,57,1,0.0,1,1,0,0
TGM2,0,82,1,0.0,1,1,0,0
TGM3,0,54,1,0.0,1,1,0,0
THADA,0,26,1,0.0,1,1,0,0
THAP1,0,34,1,0.0,1,1,0,0
THAP8,0,10,1,0.0,1,1,0,0
THOC2,0,101,1,0.0,1,1,0,0
THOC3,0,60,1,0.0,1,1,0,0
THRAP3,0,222,1,0.0,1,1,0,0
TIAF1,0,3,1,0.0,1,1,0,0
TIMM50,0,121,1,0.0,1,1,0,0
TK1,0,107,1,0.0,1,1,0,0
TKT,0,155,1,0.0,1,1,0,0
TLE3,0,154,1,0.0,1,1,0,0
TLN1,0,153,1,0.0,1,1,0,0
TLR5,0,17,1,0.0,1,1,0,0
TM9SF2,0,18,1,0.0,1,1,0,0
TM9SF3,0,46,1,0.0,1,1,0,0
TM9SF4,0,26,1,0.0,1,1,0,0
TMCO2,0,1,1,0.0,1,1,0,0
TMED1,0,14,1,0.0,1,1,0,0
TMED9,0,57,1,0.0,1,1,0,0
TMEM106B,0,70,1,0.0,1,1,0,0
TMEM116,0,6,1,0.0,1,1,0,0
TMEM165,0,40,1,0.0,1,1,0,0
TMEM173,0,28,1,0.0,1,1,0,0
TMEM200A,0,6,1,0.0,1,1,0,0
TMEM205,0,15,1,0.0,1,1,0,0
TMEM245,0,8,1,0.0,1,1,0,0
TMEM258,0,16,1,0.0,1,1,0,0
TMEM63B,0,27,1,0.0,1,1,0,0
TMEM86A,0,7,1,0.0,1,1,0,0
TMPRSS11B,0,100,1,0.0,1,1,0,0
TMPRSS2,0,108,1,0.0,1,1,0,0
TMTC3,0,25,1,0.0,1,1,0,0
TMTC4,0,12,1,0.0,1,1,0,0
TMUB1,0,22,1,0.0,1,1,0,0
TNC,0,10,1,0.0,1,1,0,0
TNFRSF11B,0,3,1,0.0,1,1,0,0
TNIK,0,50,1,0.0,1,1,0,0
TNK2,0,56,1,0.0,1,1,0,0
TNRC6B,0,136,1,0.0,1,1,0,0
TOM1L1,0,34,1,0.0,1,1,0,0
TONSL,0,63,1,0.0,1,1,0,0
TOP2B,0,150,1,0.0,1,1,0,0
TOP3B,0,360,1,0.0,1,1,0,0
TOR1AIP2,0,70,1,0.0,1,1,0,0
TOX4,0,73,1,0.0,1,1,0,0
TP53I11,0,12,1,0.0,1,1,0,0
TPCN2,0,17,1,0.0,1,1,0,0
TPM1,0,120,1,0.0,1,1,0,0
TPM3,0,177,1,0.0,1,1,0,0
TPM4,0,132,1,0.0,1,1,0,0
TPP2,0,44,1,0.0,1,1,0,0
TPRN,0,21,1,0.0,1,1,0,0
TRA2A,0,130,1,0.0,1,1,0,0
TRA2B,0,169,1,0.0,1,1,0,0
TRAF7,0,41,1,0.0,1,1,0,0
TRAIP,0,40,1,0.0,1,1,0,0
TRAM1,0,24,1,0.0,1,1,0,0
TRAM1L1,0,6,1,0.0,1,1,0,0
TRAPPC11,0,35,1,0.0,1,1,0,0
TRIM2,0,21,1,0.0,1,1,0,0
TRIM21,0,328,1,0.0,1,1,0,0
TRIM23,0,127,1,0.0,1,1,0,0
TRIM26,0,95,1,0.0,1,1,0,0
TRIM27,0,145,1,0.0,1,1,0,0
TRIM29,0,77,1,0.0,1,1,0,0
TRIM3,0,37,1,0.0,1,1,0,0
TRIM31,0,250,1,0.0,1,1,0,0
TRIM32,0,71,1,0.0,1,1,0,0
TRIM33,0,246,1,0.0,1,1,0,0
TRIM37,0,287,1,0.0,1,1,0,0
TRIM39,0,24,1,0.0,1,1,0,0
TRIM41,0,45,1,0.0,1,1,0,0
TRIM42,0,21,1,0.0,1,1,0,0
TRIM45,0,14,1,0.0,1,1,0,0
TRIM47,0,25,1,0.0,1,1,0,0
TRIM59,0,16,1,0.0,1,1,0,0
TRIM65,0,24,1,0.0,1,1,0,0
TRIM66,0,79,1,0.0,1,1,0,0
TRIM67,0,1405,1,0.0,1,1,0,0
TRIM69,0,11,1,0.0,1,1,0,0
TRIM71,0,28,1,0.0,1,1,0,0
TRIM72,0,20,1,0.0,1,1,0,0
TRIM8,0,43,1,0.0,1,1,0,0
TRIML2,0,19,1,0.0,1,1,0,0
TRIP12,0,111,1,0.0,1,1,0,0
TRMT10C,0,76,1,0.0,1,1,0,0
TRMT11,0,18,1,0.0,1,1,0,0
TRNT1,0,25,1,0.0,1,1,0,0
TRPM1,0,8,1,0.0,1,1,0,0
TRPT1,0,5,1,0.0,1,1,0,0
TSC22D1,0,33,1,0.0,1,1,0,0
TSC22D3,0,30,1,0.0,1,1,0,0
TSEN34,0,17,1,0.0,1,1,0,0
TSNAX,0,71,1,0.0,1,1,0,0
TSPAN3,0,13,1,0.0,1,1,0,0
TSPAN6,0,13,1,0.0,1,1,0,0
TSPY1,0,5,1,0.0,1,1,0,0
TSR1,0,204,1,0.0,1,1,0,0
TTC16,0,2,1,0.0,1,1,0,0
TTC28,0,48,1,0.0,1,1,0,0
TTC38,0,6,1,0.0,1,1,0,0
TTC4,0,56,1,0.0,1,1,0,0
TTC7A,0,10,1,0.0,1,1,0,0
TTK,0,115,1,0.0,1,1,0,0
TTLL12,0,49,1,0.0,1,1,0,0
TTLL5,0,21,1,0.0,1,1,0,0
TTLL6,0,6,1,0.0,1,1,0,0
TUBA1A,0,245,1,0.0,1,1,0,0
TUBA1C,0,214,1,0.0,1,1,0,0
TUBA4A,0,180,1,0.0,1,1,0,0
TUBA8,0,47,1,0.0,1,1,0,0
TUBB2B,0,111,1,0.0,1,1,0,0
TUBB4A,0,115,1,0.0,1,1,0,0
TUBB4B,0,275,1,0.0,1,1,0,0
TUBB8,0,81,1,0.0,1,1,0,0
TUBG1,0,205,1,0.0,1,1,0,0
TUBGCP2,0,77,1,0.0,1,1,0,0
TUBGCP6,0,32,1,0.0,1,1,0,0
TXNL1,0,93,1,0.0,1,1,0,0
TXNRD1,0,59,1,0.0,1,1,0,0
U2SURP,0,149,1,0.0,1,1,0,0
UBA2,0,122,1,0.0,1,1,0,0
UBA52,0,360,1,0.0,1,1,0,0
UBA6,0,66,1,0.0,1,1,0,0
UBAC2,0,50,1,0.0,1,1,0,0
UBE2B,0,48,1,0.0,1,1,0,0
UBE2C,0,97,1,0.0,1,1,0,0
UBE2D2,0,148,1,0.0,1,1,0,0
UBE2H,0,818,1,0.0,1,1,0,0
UBE2L3,0,115,1,0.0,1,1,0,0
UBE2M,0,327,1,0.0,1,1,0,0
UBE2O,0,335,1,0.0,1,1,0,0
UBE2Q1,0,28,1,0.0,1,1,0,0
UBE2V2,0,60,1,0.0,1,1,0,0
UBE3C,0,87,1,0.0,1,1,0,0
UBE4A,0,39,1,0.0,1,1,0,0
UBN1,0,44,1,0.0,1,1,0,0
UBN2,0,40,1,0.0,1,1,0,0
UBQLN2,0,261,1,0.0,1,1,0,0
UBR4,0,138,1,0.0,1,1,0,0
UFD1L,0,63,1,0.0,1,1,0,0
UFL1,0,479,1,0.0,1,1,0,0
UFM1,0,47,1,0.0,1,1,0,0
UGT2B15,0,4,1,0.0,1,1,0,0
UHRF1,0,135,1,0.0,1,1,0,0
UIMC1,0,89,1,0.0,1,1,0,0
ULK1,0,65,1,0.0,1,1,0,0
ULK3,0,40,1,0.0,1,1,0,0
UMOD,0,7,1,0.0,1,1,0,0
UMPS,0,59,1,0.0,1,1,0,0
UNC13D,0,16,1,0.0,1,1,0,0
UPF1,0,258,1,0.0,1,1,0,0
URB2,0,54,1,0.0,1,1,0,0
UROS,0,10,1,0.0,1,1,0,0
USH2A,0,5,1,0.0,1,1,0,0
USO1,0,82,1,0.0,1,1,0,0
USP1,0,66,1,0.0,1,1,0,0
USP15,0,223,1,0.0,1,1,0,0
USP21,0,58,1,0.0,1,1,0,0
USP29,0,16,1,0.0,1,1,0,0
USP3,0,41,1,0.0,1,1,0,0
USP34,0,59,1,0.0,1,1,0,0
USP39,0,115,1,0.0,1,1,0,0
USP4,0,128,1,0.0,1,1,0,0
USP49,0,22,1,0.0,1,1,0,0
USP5,0,112,1,0.0,1,1,0,0
USP9X,0,189,1,0.0,1,1,0,0
UTF1,0,5,1,0.0,1,1,0,0
UTP11L,0,32,1,0.0,1,1,0,0
UTP14A,0,154,1,0.0,1,1,0,0
VAPB,0,119,1,0.0,1,1,0,0
VASP,0,117,1,0.0,1,1,0,0
VAT1,0,59,1,0.0,1,1,0,0
VDR,0,63,1,0.0,1,1,0,0
VPRBP,0,120,1,0.0,1,1,0,0
VPS16,0,33,1,0.0,1,1,0,0
VPS72,0,71,1,0.0,1,1,0,0
VRK2,0,52,1,0.0,1,1,0,0
VRK3,0,84,1,0.0,1,1,0,0
WAC,0,40,1,0.0,1,1,0,0
WDR1,0,108,1,0.0,1,1,0,0
WDR12,0,136,1,0.0,1,1,0,0
WDR3,0,139,1,0.0,1,1,0,0
WDR33,0,73,1,0.0,1,1,0,0
WDR36,0,154,1,0.0,1,1,0,0
WDR44,0,39,1,0.0,1,1,0,0
WDR47,0,9,1,0.0,1,1,0,0
WDR48,0,65,1,0.0,1,1,0,0
WDR75,0,102,1,0.0,1,1,0,0
WDR82,0,142,1,0.0,1,1,0,0
WDR83,0,77,1,0.0,1,1,0,0
WDR91,0,21,1,0.0,1,1,0,0
WFS1,0,21,1,0.0,1,1,0,0
WHSC1,0,144,1,0.0,1,1,0,0
WNT4,0,12,1,0.0,1,1,0,0
WWP1,0,125,1,0.0,1,1,0,0
WWP2,0,399,1,0.0,1,1,0,0
WWTR1,0,210,1,0.0,1,1,0,0
XAB2,0,107,1,0.0,1,1,0,0
XPC,0,89,1,0.0,1,1,0,0
XPNPEP3,0,30,1,0.0,1,1,0,0
XRCC5,0,310,1,0.0,1,1,0,0
XRN2,0,192,1,0.0,1,1,0,0
YBX3,0,168,1,0.0,1,1,0,0
YEATS2,0,111,1,0.0,1,1,0,0
YEATS4,0,89,1,0.0,1,1,0,0
YES1P1,0,1,1,0.0,1,1,0,0
YIPF5,0,33,1,0.0,1,1,0,0
YIPF6,0,10,1,0.0,1,1,0,0
YOD1,0,281,1,0.0,1,1,0,0
YTHDC1,0,131,1,0.0,1,1,0,0
YTHDF1,0,220,1,0.0,1,1,0,0
YTHDF2,0,246,1,0.0,1,1,0,0
YTHDF3,0,116,1,0.0,1,1,0,0
YY1AP1,0,22,1,0.0,1,1,0,0
YY2,0,11,1,0.0,1,1,0,0
ZAK,0,38,1,0.0,1,1,0,0
ZBED4,0,13,1,0.0,1,1,0,0
ZBTB14,0,32,1,0.0,1,1,0,0
ZBTB17,0,33,1,0.0,1,1,0,0
ZBTB2,0,202,1,0.0,1,1,0,0
ZBTB21,0,54,1,0.0,1,1,0,0
ZBTB33,0,70,1,0.0,1,1,0,0
ZBTB44,0,20,1,0.0,1,1,0,0
ZBTB49,0,13,1,0.0,1,1,0,0
ZBTB5,0,28,1,0.0,1,1,0,0
ZBTB7A,0,92,1,0.0,1,1,0,0
ZBTB8A,0,25,1,0.0,1,1,0,0
ZC3H15,0,79,1,0.0,1,1,0,0
ZC3H18,0,426,1,0.0,1,1,0,0
ZC3H7A,0,92,1,0.0,1,1,0,0
ZC3HAV1,0,267,1,0.0,1,1,0,0
ZCCHC10,0,78,1,0.0,1,1,0,0
ZCCHC18,0,3,1,0.0,1,1,0,0
ZCCHC2,0,14,1,0.0,1,1,0,0
ZCCHC8,0,84,1,0.0,1,1,0,0
ZDBF2,0,28,1,0.0,1,1,0,0
ZDHHC18,0,26,1,0.0,1,1,0,0
ZDHHC23,0,29,1,0.0,1,1,0,0
ZDHHC5,0,30,1,0.0,1,1,0,0
ZFP91,0,67,1,0.0,1,1,0,0
ZFR,0,141,1,0.0,1,1,0,0
ZFYVE16,0,51,1,0.0,1,1,0,0
ZGRF1,0,17,1,0.0,1,1,0,0
ZHX1,0,51,1,0.0,1,1,0,0
ZIC3,0,15,1,0.0,1,1,0,0
ZMAT2,0,65,1,0.0,1,1,0,0
ZMIZ1,0,28,1,0.0,1,1,0,0
ZMIZ2,0,25,1,0.0,1,1,0,0
ZMPSTE24,0,40,1,0.0,1,1,0,0
ZMYM2,0,138,1,0.0,1,1,0,0
ZMYM3,0,74,1,0.0,1,1,0,0
ZMYM4,0,69,1,0.0,1,1,0,0
ZMYM6,0,16,1,0.0,1,1,0,0
ZMYND11,0,51,1,0.0,1,1,0,0
ZNF146,0,37,1,0.0,1,1,0,0
ZNF177,0,5,1,0.0,1,1,0,0
ZNF180,0,1,1,0.0,1,1,0,0
ZNF207,0,68,1,0.0,1,1,0,0
ZNF217,0,48,1,0.0,1,1,0,0
ZNF230,0,2,1,0.0,1,1,0,0
ZNF24,0,58,1,0.0,1,1,0,0
ZNF267,0,6,1,0.0,1,1,0,0
ZNF268,0,5,1,0.0,1,1,0,0
ZNF280C,0,27,1,0.0,1,1,0,0
ZNF300,0,2,1,0.0,1,1,0,0
ZNF302,0,9,1,0.0,1,1,0,0
ZNF318,0,61,1,0.0,1,1,0,0
ZNF326,0,126,1,0.0,1,1,0,0
ZNF329,0,7,1,0.0,1,1,0,0
ZNF384,0,39,1,0.0,1,1,0,0
ZNF398,0,11,1,0.0,1,1,0,0
ZNF451,0,47,1,0.0,1,1,0,0
ZNF507,0,13,1,0.0,1,1,0,0
ZNF514,0,13,1,0.0,1,1,0,0
ZNF516,0,29,1,0.0,1,1,0,0
ZNF546,0,1,1,0.0,1,1,0,0
ZNF574,0,99,1,0.0,1,1,0,0
ZNF593,0,63,1,0.0,1,1,0,0
ZNF598,0,240,1,0.0,1,1,0,0
ZNF608,0,41,1,0.0,1,1,0,0
ZNF619,0,2,1,0.0,1,1,0,0
ZNF629,0,60,1,0.0,1,1,0,0
ZNF644,0,64,1,0.0,1,1,0,0
ZNF645,0,2,1,0.0,1,1,0,0
ZNF648,0,5,1,0.0,1,1,0,0
ZNF668,0,100,1,0.0,1,1,0,0
ZNF679,0,1,1,0.0,1,1,0,0
ZNF703,0,33,1,0.0,1,1,0,0
ZNF763,0,7,1,0.0,1,1,0,0
ZNF79,0,4,1,0.0,1,1,0,0
ZNF814,0,1,1,0.0,1,1,0,0
ZNF839,0,7,1,0.0,1,1,0,0
ZNF92,0,21,1,0.0,1,1,0,0
ZNHIT1,0,21,1,0.0,1,1,0,0
ZRSR2,0,37,1,0.0,1,1,0,0
ZSWIM3,0,2,1,0.0,1,1,0,0
ZSWIM8,0,35,1,0.0,1,1,0,0
ZWINT,0,77,1,0.0,1,1,0,0
ZYX,0,122,1,0.0,1,1,0,0
ZZZ3,0,87,1,0.0,1,1,0,0
